State,$end,INT,FLOAT,CHAR,VOID,DOUBLE,SHORT,LONG,UNSIGNED,SIGNED,STRUCT,TYPEDEF,ENUM,UNION,AUTO,CONST,VOLATILE,STATIC,EXTERN,REGISTER,INLINE,IDENTIFIER,{,*,(,;,IF,FOR,WHILE,DO,SWITCH,CASE,DEFAULT,BREAK,CONTINUE,RETURN,SIZEOF,INT_CONST,FLOAT_CONST,CHAR_CONST,STRING_LITERAL,INC_OP,DEC_OP,&,+,-,!,~,},=,[,,,:,OR_OP,?,AND_OP,|,^,EQ_OP,NE_OP,LE_OP,GE_OP,<,>,LEFT_SHIFT,RIGHT_SHIFT,/,%,ASSIGN_OP,ARROW,.,ELLIPSIS,),],ELSE,program,translation_unit,external_decl,function_def,function_header,declaration,type_qualifier,type_spec,storage_class_spec,storage_class_list,struct_decl,enum_decl,compound_stmt,declarator_list,declarator,member_decl_list,member_decl,enumerator_list,enumerator,block_item_list,block_item,stmt,expr_stmt,selection_stmt,labeled_stmt,iteration_stmt,jump_stmt,expr,assignment_expr,conditional_expr,logical_or_expr,logical_and_expr,inclusive_or_expr,exclusive_or_expr,and_expr,equality_expr,relational_expr,additive_expr,multiplicative_expr,unary_expr,postfix_expr,primary_expr,initializer,param_list,param_decl,case_body_list,arg_list,initializer_list,non_case_stmt,case_list
0,acc,s1,s2,s3,s4,s5,s6,s7,s8,s9,s10,s11,s12,s13,s14,s15,s16,s17,s18,s19,s20,,,,,,,,,,,,,,,,,,,,,,,,,,,,,,,,,,,,,,,,,,,,,,,,,,,,,,,21,22,23,24,25,26,27,28,29,30,31,32,,,,,,,,,,,,,,,,,,,,,,,,,,,,,,,,,,,,,,
1,r40,r40,r40,r40,r40,r40,r40,r40,r40,r40,r40,r40,r40,r40,r40,r40,r40,r40,r40,r40,r40,,,,,,,,,,,,,,,,,,,,,,,,,,,,,,,,,,,,,,,,,,,,,,,,,,,,,,,,,,,,,,,,,,,,,,,,,,,,,,,,,,,,,,,,,,,,,,,,,,,,,,,,
2,r41,r41,r41,r41,r41,r41,r41,r41,r41,r41,r41,r41,r41,r41,r41,r41,r41,r41,r41,r41,r41,,,,,,,,,,,,,,,,,,,,,,,,,,,,,,,,,,,,,,,,,,,,,,,,,,,,,,,,,,,,,,,,,,,,,,,,,,,,,,,,,,,,,,,,,,,,,,,,,,,,,,,,
3,r42,r42,r42,r42,r42,r42,r42,r42,r42,r42,r42,r42,r42,r42,r42,r42,r42,r42,r42,r42,r42,,,,,,,,,,,,,,,,,,,,,,,,,,,,,,,,,,,,,,,,,,,,,,,,,,,,,,,,,,,,,,,,,,,,,,,,,,,,,,,,,,,,,,,,,,,,,,,,,,,,,,,,
4,r43,r43,r43,r43,r43,r43,r43,r43,r43,r43,r43,r43,r43,r43,r43,r43,r43,r43,r43,r43,r43,,,,,,,,,,,,,,,,,,,,,,,,,,,,,,,,,,,,,,,,,,,,,,,,,,,,,,,,,,,,,,,,,,,,,,,,,,,,,,,,,,,,,,,,,,,,,,,,,,,,,,,,
5,r44,r44,r44,r44,r44,r44,r44,r44,r44,r44,r44,r44,r44,r44,r44,r44,r44,r44,r44,r44,r44,,,,,,,,,,,,,,,,,,,,,,,,,,,,,,,,,,,,,,,,,,,,,,,,,,,,,,,,,,,,,,,,,,,,,,,,,,,,,,,,,,,,,,,,,,,,,,,,,,,,,,,,
6,r45,s33,r45,r45,r45,r45,r45,r45,r45,r45,r45,r45,r45,r45,r45,r45,r45,r45,r45,r45,r45,,,,,,,,,,,,,,,,,,,,,,,,,,,,,,,,,,,,,,,,,,,,,,,,,,,,,,,,,,,,,,,,,,,,,,,,,,,,,,,,,,,,,,,,,,,,,,,,,,,,,,,,
7,r46,s34,r46,r46,r46,s35,r46,s36,r46,r46,r46,r46,r46,r46,r46,r46,r46,r46,r46,r46,r46,,,,,,,,,,,,,,,,,,,,,,,,,,,,,,,,,,,,,,,,,,,,,,,,,,,,,,,,,,,,,,,,,,,,,,,,,,,,,,,,,,,,,,,,,,,,,,,,,,,,,,,,
8,r47,s37,r47,s38,r47,r47,r47,s39,r47,r47,r47,r47,r47,r47,r47,r47,r47,r47,r47,r47,r47,,,,,,,,,,,,,,,,,,,,,,,,,,,,,,,,,,,,,,,,,,,,,,,,,,,,,,,,,,,,,,,,,,,,,,,,,,,,,,,,,,,,,,,,,,,,,,,,,,,,,,,,
9,r48,s40,r48,r48,r48,r48,r48,r48,r48,r48,r48,r48,r48,r48,r48,r48,r48,r48,r48,r48,r48,,,,,,,,,,,,,,,,,,,,,,,,,,,,,,,,,,,,,,,,,,,,,,,,,,,,,,,,,,,,,,,,,,,,,,,,,,,,,,,,,,,,,,,,,,,,,,,,,,,,,,,,
10,,,,,,,,,,,,,,,,,,,,,,s41,s42,,,,,,,,,,,,,,,,,,,,,,,,,,,,,,,,,,,,,,,,,,,,,,,,,,,,,,,,,,,,,,,,,,,,,,,,,,,,,,,,,,,,,,,,,,,,,,,,,,,,,,
11,,s1,s2,s3,s4,s5,s6,s7,s8,s9,s10,,s12,s13,,s15,s16,,,,,,,,,,,,,,,,,,,,,,,,,,,,,,,,,,,,,,,,,,,,,,,,,,,,,,,,,,,,,,,,,27,43,,,31,32,,,,,,,,,,,,,,,,,,,,,,,,,,,,,,,,,,,,,,
12,,,,,,,,,,,,,,,,,,,,,,s44,s45,,,,,,,,,,,,,,,,,,,,,,,,,,,,,,,,,,,,,,,,,,,,,,,,,,,,,,,,,,,,,,,,,,,,,,,,,,,,,,,,,,,,,,,,,,,,,,,,,,,,,,
13,,,,,,,,,,,,,,,,,,,,,,s46,s47,,,,,,,,,,,,,,,,,,,,,,,,,,,,,,,,,,,,,,,,,,,,,,,,,,,,,,,,,,,,,,,,,,,,,,,,,,,,,,,,,,,,,,,,,,,,,,,,,,,,,,
14,r61,r61,r61,r61,r61,r61,r61,r61,r61,r61,r61,r61,r61,r61,r61,r61,r61,r61,r61,r61,r61,r61,r61,,,,,,,,,,,,,,,,,,,,,,,,,,,,,,,,,,,,,,,,,,,,,,,,,,,,,,,,,,,,,,,,,,,,,,,,,,,,,,,,,,,,,,,,,,,,,,,,,,,,,,
15,r38,r38,r38,r38,r38,r38,r38,r38,r38,r38,r38,r38,r38,r38,r38,r38,r38,r38,r38,r38,r38,r38,r38,,,,,,,,,,,,,,,,,,,,,,,,,,,,,,,,,,,,,,,,,,,,,,,,,,,,,,,,,,,,,,,,,,,,,,,,,,,,,,,,,,,,,,,,,,,,,,,,,,,,,,
16,r39,r39,r39,r39,r39,r39,r39,r39,r39,r39,r39,r39,r39,r39,r39,r39,r39,r39,r39,r39,r39,r39,r39,,,,,,,,,,,,,,,,,,,,,,,,,,,,,,,,,,,,,,,,,,,,,,,,,,,,,,,,,,,,,,,,,,,,,,,,,,,,,,,,,,,,,,,,,,,,,,,,,,,,,,
17,r63,r63,r63,r63,r63,r63,r63,r63,r63,r63,r63,r63,r63,r63,r63,r63,r63,r63,r63,r63,r63,r63,r63,,,,,,,,,,,,,,,,,,,,,,,,,,,,,,,,,,,,,,,,,,,,,,,,,,,,,,,,,,,,,,,,,,,,,,,,,,,,,,,,,,,,,,,,,,,,,,,,,,,,,,
18,r64,r64,r64,r64,r64,r64,r64,r64,r64,r64,r64,r64,r64,r64,r64,r64,r64,r64,r64,r64,r64,r64,r64,,,,,,,,,,,,,,,,,,,,,,,,,,,,,,,,,,,,,,,,,,,,,,,,,,,,,,,,,,,,,,,,,,,,,,,,,,,,,,,,,,,,,,,,,,,,,,,,,,,,,,
19,r62,r62,r62,r62,r62,r62,r62,r62,r62,r62,r62,r62,r62,r62,r62,r62,r62,r62,r62,r62,r62,r62,r62,,,,,,,,,,,,,,,,,,,,,,,,,,,,,,,,,,,,,,,,,,,,,,,,,,,,,,,,,,,,,,,,,,,,,,,,,,,,,,,,,,,,,,,,,,,,,,,,,,,,,,
20,r65,r65,r65,r65,r65,r65,r65,r65,r65,r65,r65,r65,r65,r65,r65,r65,r65,r65,r65,r65,r65,r65,r65,,,,,,,,,,,,,,,,,,,,,,,,,,,,,,,,,,,,,,,,,,,,,,,,,,,,,,,,,,,,,,,,,,,,,,,,,,,,,,,,,,,,,,,,,,,,,,,,,,,,,,
21,acc,,,,,,,,,,,,,,,,,,,,,,,,,,,,,,,,,,,,,,,,,,,,,,,,,,,,,,,,,,,,,,,,,,,,,,,,,,,,,,,,,,,,,,,,,,,,,,,,,,,,,,,,,,,,,,,,,,,,,,,,,,,,
22,r1,s1,s2,s3,s4,s5,s6,s7,s8,s9,s10,s11,s12,s13,s14,s15,s16,s17,s18,s19,s20,r1,r1,,,,,,,,,,,,,,,,,,,,,,,,,,,,,,,,,,,,,,,,,,,,,,,,,,,,,,,49,24,25,26,27,28,29,30,31,32,,,,,,,,,,,,,,,,,,,,,,,,,,,,,,,,,,,,,,
23,r2,r2,r2,r2,r2,r2,r2,r2,r2,r2,r2,r2,r2,r2,r2,r2,r2,r2,r2,r2,r2,r2,r2,,,,,,,,,,,,,,,,,,,,,,,,,,,,,,,,,,,,,,,,,,,,,,,,,,,,,,,,,,,,,,,,,,,,,,,,,,,,,,,,,,,,,,,,,,,,,,,,,,,,,,
24,r4,r4,r4,r4,r4,r4,r4,r4,r4,r4,r4,r4,r4,r4,r4,r4,r4,r4,r4,r4,r4,r4,r4,,,,,,,,,,,,,,,,,,,,,,,,,,,,,,,,,,,,,,,,,,,,,,,,,,,,,,,,,,,,,,,,,,,,,,,,,,,,,,,,,,,,,,,,,,,,,,,,,,,,,,
25,,,,,,,,,,,,,,,,,,,,,,,s50,,,,,,,,,,,,,,,,,,,,,,,,,,,,,,,,,,,,,,,,,,,,,,,,,,,,,,,,,,,,,,,,,51,,,,,,,,,,,,,,,,,,,,,,,,,,,,,,,,,,,,,
26,r5,r5,r5,r5,r5,r5,r5,r5,r5,r5,r5,r5,r5,r5,r5,r5,r5,r5,r5,r5,r5,r5,r5,,,,,,,,,,,,,,,,,,,,,,,,,,,,,,,,,,,,,,,,,,,,,,,,,,,,,,,,,,,,,,,,,,,,,,,,,,,,,,,,,,,,,,,,,,,,,,,,,,,,,,
27,,s1,s2,s3,s4,s5,s6,s7,s8,s9,s10,,s12,s13,,s15,s16,,,,,,,,,,,,,,,,,,,,,,,,,,,,,,,,,,,,,,,,,,,,,,,,,,,,,,,,,,,,,,,,,27,52,,,31,32,,,,,,,,,,,,,,,,,,,,,,,,,,,,,,,,,,,,,,
28,,,,,,,,,,,,,,,,,,,,,,s53,,s54,s55,s56,,,,,,,,,,,,,,,,,,,,,,,,,,,,,,,,,,,,,,,,,,,,,,,,,,,,,,,,,,,,,,,57,58,,,,,,,,,,,,,,,,,,,,,,,,,,,,,,,,,,,
29,r66,r66,r66,r66,r66,r66,r66,r66,r66,r66,r66,r66,r66,r66,r66,r66,r66,r66,r66,r66,r66,r66,r66,r66,r66,r66,,,,,,,,,,,,,,,,,,,,,,,,,,,,,,,,,,,,,,,,,,,,,,,,,,,,,,,,,,,,,,,,,,,,,,,,,,,,,,,,,,,,,,,,,,,,,,,,,,,
30,,s1,s2,s3,s4,s5,s6,s7,s8,s9,s10,,s12,s13,s14,s15,s16,s17,s18,s19,s20,,,,,,,,,,,,,,,,,,,,,,,,,,,,,,,,,,,,,,,,,,,,,,,,,,,,,,,,,,,,,27,59,60,,31,32,,,,,,,,,,,,,,,,,,,,,,,,,,,,,,,,,,,,,,
31,r59,r59,r59,r59,r59,r59,r59,r59,r59,r59,r59,r59,r59,r59,r59,r59,r59,r59,r59,r59,r59,r59,r59,r59,r59,r59,,,,,,,,,,,,,,,,,,,,,,,,,,,,,,,,,,,,,,,,,,,,,,,,,,,,,,,,,,,,,,,,,,,,,,,,,,,,,,,,,,,,,,,,,,,,,,,,,,,
32,r60,r60,r60,r60,r60,r60,r60,r60,r60,r60,r60,r60,r60,r60,r60,r60,r60,r60,r60,r60,r60,r60,r60,r60,r60,r60,,,,,,,,,,,,,,,,,,,,,,,,,,,,,,,,,,,,,,,,,,,,,,,,,,,,,,,,,,,,,,,,,,,,,,,,,,,,,,,,,,,,,,,,,,,,,,,,,,,
33,r50,r50,r50,r50,r50,r50,r50,r50,r50,r50,r50,r50,r50,r50,r50,r50,r50,r50,r50,r50,r50,r50,r50,r50,r50,r50,,,,,,,,,,,,,,,,,,,,,,,,,,,,,,,,,,,,,,,,,,,,,,,,,,,,,,,,,,,,,,,,,,,,,,,,,,,,,,,,,,,,,,,,,,,,,,,,,,,
34,r51,r51,r51,r51,r51,r51,r51,r51,r51,r51,r51,r51,r51,r51,r51,r51,r51,r51,r51,r51,r51,r51,r51,r51,r51,r51,,,,,,,,,,,,,,,,,,,,,,,,,,,,,,,,,,,,,,,,,,,,,,,,,,,,,,,,,,,,,,,,,,,,,,,,,,,,,,,,,,,,,,,,,,,,,,,,,,,
35,r52,r52,r52,r52,r52,r52,r52,r52,r52,r52,r52,r52,r52,r52,r52,r52,r52,r52,r52,r52,r52,r52,r52,r52,r52,r52,,,,,,,,,,,,,,,,,,,,,,,,,,,,,,,,,,,,,,,,,,,,,,,,,,,,,,,,,,,,,,,,,,,,,,,,,,,,,,,,,,,,,,,,,,,,,,,,,,,
36,r57,s61,r57,r57,r57,r57,r57,r57,r57,r57,r57,r57,r57,r57,r57,r57,r57,r57,r57,r57,r57,r57,r57,r57,r57,r57,,,,,,,,,,,,,,,,,,,,,,,,,,,,,,,,,,,,,,,,,,,,,,,,,,,,,,,,,,,,,,,,,,,,,,,,,,,,,,,,,,,,,,,,,,,,,,,,,,,
37,r53,r53,r53,r53,r53,r53,r53,r53,r53,r53,r53,r53,r53,r53,r53,r53,r53,r53,r53,r53,r53,r53,r53,r53,r53,r53,,,,,,,,,,,,,,,,,,,,,,,,,,,,,,,,,,,,,,,,,,,,,,,,,,,,,,,,,,,,,,,,,,,,,,,,,,,,,,,,,,,,,,,,,,,,,,,,,,,
38,r55,r55,r55,r55,r55,r55,r55,r55,r55,r55,r55,r55,r55,r55,r55,r55,r55,r55,r55,r55,r55,r55,r55,r55,r55,r55,,,,,,,,,,,,,,,,,,,,,,,,,,,,,,,,,,,,,,,,,,,,,,,,,,,,,,,,,,,,,,,,,,,,,,,,,,,,,,,,,,,,,,,,,,,,,,,,,,,
39,r54,r54,r54,r54,r54,r54,r54,r54,r54,r54,r54,r54,r54,r54,r54,r54,r54,r54,r54,r54,r54,r54,r54,r54,r54,r54,,,,,,,,,,,,,,,,,,,,,,,,,,,,,,,,,,,,,,,,,,,,,,,,,,,,,,,,,,,,,,,,,,,,,,,,,,,,,,,,,,,,,,,,,,,,,,,,,,,
40,r56,r56,r56,r56,r56,r56,r56,r56,r56,r56,r56,r56,r56,r56,r56,r56,r56,r56,r56,r56,r56,r56,r56,r56,r56,r56,,,,,,,,,,,,,,,,,,,,,,,,,,,,,,,,,,,,,,,,,,,,,,,,,,,,,,,,,,,,,,,,,,,,,,,,,,,,,,,,,,,,,,,,,,,,,,,,,,,
41,r70,r70,r70,r70,r70,r70,r70,r70,r70,r70,r70,r70,r70,r70,r70,r70,r70,r70,r70,r70,r70,r70,s62,r70,r70,r70,,,,,,,,,,,,,,,,,,,,,,,,,,,,,,,,,,,,,,,,,,,,,,,,,,,,,,,,,,,,,,,,,,,,,,,,,,,,,,,,,,,,,,,,,,,,,,,,,,,
42,,s1,s2,s3,s4,s5,s6,s7,s8,s9,s10,,s12,s13,,s15,s16,,,,,,,,,,,,,,,,,,,,,,,,,,,,,,,,,,,,,,,,,,,,,,,,,,,,,,,,,,,,,,,,,27,63,,,31,32,,,,64,65,,,,,,,,,,,,,,,,,,,,,,,,,,,,,,,,,
43,,,,,,,,,,,,,,,,,,,,,,s66,,s54,s55,,,,,,,,,,,,,,,,,,,,,,,,,,,,,,,,,,,,,,,,,,,,,,,,,,,,,,,,,,,,,,,,67,58,,,,,,,,,,,,,,,,,,,,,,,,,,,,,,,,,,,
44,r79,r79,r79,r79,r79,r79,r79,r79,r79,r79,r79,r79,r79,r79,r79,r79,r79,r79,r79,r79,r79,r79,s68,r79,r79,r79,,,,,,,,,,,,,,,,,,,,,,,,,,,,,,,,,,,,,,,,,,,,,,,,,,,,,,,,,,,,,,,,,,,,,,,,,,,,,,,,,,,,,,,,,,,,,,,,,,,
45,,,,,,,,,,,,,,,,,,,,,,s69,,,,,,,,,,,,,,,,,,,,,,,,,,,,,,,,,,,,,,,,,,,,,,,,,,,,,,,,,,,,,,,,,,,,,,,70,71,,,,,,,,,,,,,,,,,,,,,,,,,,,,,,,
46,r73,r73,r73,r73,r73,r73,r73,r73,r73,r73,r73,r73,r73,r73,r73,r73,r73,r73,r73,r73,r73,r73,s72,r73,r73,r73,,,,,,,,,,,,,,,,,,,,,,,,,,,,,,,,,,,,,,,,,,,,,,,,,,,,,,,,,,,,,,,,,,,,,,,,,,,,,,,,,,,,,,,,,,,,,,,,,,,
47,,s1,s2,s3,s4,s5,s6,s7,s8,s9,s10,,s12,s13,,s15,s16,,,,,,,,,,,,,,,,,,,,,,,,,,,,,,,,,,,,,,,,,,,,,,,,,,,,,,,,,,,,,,,,,27,63,,,31,32,,,,73,65,,,,,,,,,,,,,,,,,,,,,,,,,,,,,,,,,
48,acc,,,,,,,,,,,,,,,,,,,,,,,,,,,,,,,,,,,,,,,,,,,,,,,,,,,,,,,,,,,,,,,,,,,,,,,,,,,,,,,,,,,,,,,,,,,,,,,,,,,,,,,,,,,,,,,,,,,,,,,,,,,,
49,r3,r3,r3,r3,r3,r3,r3,r3,r3,r3,r3,r3,r3,r3,r3,r3,r3,r3,r3,r3,r3,r3,r3,r3,r3,r3,,,,,,,,,,,,,,,,,,,,,,,,,,,,,,,,,,,,,,,,,,,,,,,,,,,,,,,,,,,,,,,,,,,,,,,,,,,,,,,,,,,,,,,,,,,,,,,,,,,
50,,s1,s2,s3,s4,s5,s6,s7,s8,s9,s10,s11,s12,s13,s14,s15,s16,s17,s18,s19,s20,s85,s50,s95,s98,s99,s74,s75,s76,s77,s78,s79,s80,s81,s82,s83,s84,s86,s87,s88,s89,s90,s91,s92,s93,s94,s96,s97,s100,,,,,,,,,,,,,,,,,,,,,,,,,,,,,,,,101,27,102,29,103,31,32,104,,,,,,,105,106,107,108,109,110,111,112,113,114,115,116,117,118,119,120,121,122,124,125,126,127,128,,,,,,,,
51,r6,r6,r6,r6,r6,r6,r6,r6,r6,r6,r6,r6,r6,r6,r6,r6,r6,r6,r6,r6,r6,r6,r6,r6,r6,r6,r6,r6,r6,r6,r6,r6,r6,r6,r6,r6,r6,r6,r6,r6,r6,r6,r6,r6,r6,r6,r6,r6,r6,,,,,,,,,,,,,,,,,,,,,,,,,,,,,,,,,,,,,,,,,,,,,,,,,,,,,,,,,,,,,,,,,,,,,,,,,,,,
52,r49,r49,r49,r49,r49,r49,r49,r49,r49,r49,r49,r49,r49,r49,r49,r49,r49,r49,r49,r49,r49,r49,r49,r49,r49,r49,r49,r49,r49,r49,r49,r49,r49,r49,r49,r49,r49,r49,r49,r49,r49,r49,r49,r49,r49,r49,r49,r49,r49,,,,,,,,,,,,,,,,,,,,,,,,,,,,,,,,,,,,,,,,,,,,,,,,,,,,,,,,,,,,,,,,,,,,,,,,,,,,
53,r25,r25,r25,r25,r25,r25,r25,r25,r25,r25,r25,r25,r25,r25,r25,r25,r25,r25,r25,r25,r25,r25,r25,r25,s130,r25,r25,r25,r25,r25,r25,r25,r25,r25,r25,r25,r25,r25,r25,r25,r25,r25,r25,r25,r25,r25,r25,r25,r25,s129,s131,,,,,,,,,,,,,,,,,,,,,,,,,,,,,,,,,,,,,,,,,,,,,,,,,,,,,,,,,,,,,,,,,,,,,,,,,,
54,,,,,,,,,,,,,,,,,,,,,,s132,,,,,,,,,,,,,,,,,,,,,,,,,,,,,,,,,,,,,,,,,,,,,,,,,,,,,,,,,,,,,,,,,,,,,,,,,,,,,,,,,,,,,,,,,,,,,,,,,,,,,,,
55,,,,,,,,,,,,,,,,,,,,,,,,s133,,,,,,,,,,,,,,,,,,,,,,,,,,,,,,,,,,,,,,,,,,,,,,,,,,,,,,,,,,,,,,,,,,,,,,,,,,,,,,,,,,,,,,,,,,,,,,,,,,,,,
56,r20,r20,r20,r20,r20,r20,r20,r20,r20,r20,r20,r20,r20,r20,r20,r20,r20,r20,r20,r20,r20,r20,r20,r20,r20,r20,r20,r20,r20,r20,r20,r20,r20,r20,r20,r20,r20,r20,r20,r20,r20,r20,r20,r20,r20,r20,r20,r20,r20,r20,r20,,,,,,,,,,,,,,,,,,,,,,,,,,,,,,,,,,,,,,,,,,,,,,,,,,,,,,,,,,,,,,,,,,,,,,,,,,
57,,,,,,,,,,,,,,,,,,,,,,,,,,s135,,,,,,,,,,,,,,,,,,,,,,,,,,s134,,,,,,,,,,,,,,,,,,,,,,,,,,,,,,,,,,,,,,,,,,,,,,,,,,,,,,,,,,,,,,,,,,,,,,,,,
58,r23,r23,r23,r23,r23,r23,r23,r23,r23,r23,r23,r23,r23,r23,r23,r23,r23,r23,r23,r23,r23,r23,r23,r23,r23,r23,r23,r23,r23,r23,r23,r23,r23,r23,r23,r23,r23,r23,r23,r23,r23,r23,r23,r23,r23,r23,r23,r23,r23,r23,r23,r23,,,,,,,,,,,,,,,,,,,,,,,,,,,,,,,,,,,,,,,,,,,,,,,,,,,,,,,,,,,,,,,,,,,,,,,,,
59,,,,,,,,,,,,,,,,,,,,,,s136,,s54,s55,s137,,,,,,,,,,,,,,,,,,,,,,,,,,,,,,,,,,,,,,,,,,,,,,,,,,,,,,,,,,,,,,,138,58,,,,,,,,,,,,,,,,,,,,,,,,,,,,,,,,,,,
60,r67,r67,r67,r67,r67,r67,r67,r67,r67,r67,r67,r67,r67,r67,r67,r67,r67,r67,r67,r67,r67,r67,r67,r67,r67,r67,r67,r67,r67,r67,r67,r67,r67,r67,r67,r67,r67,r67,r67,r67,r67,r67,r67,r67,r67,r67,r67,r67,r67,r67,r67,r67,,,,,,,,,,,,,,,,,,,,,,,,,,,,,,,,,,,,,,,,,,,,,,,,,,,,,,,,,,,,,,,,,,,,,,,,,
61,r58,r58,r58,r58,r58,r58,r58,r58,r58,r58,r58,r58,r58,r58,r58,r58,r58,r58,r58,r58,r58,r58,r58,r58,r58,r58,r58,r58,r58,r58,r58,r58,r58,r58,r58,r58,r58,r58,r58,r58,r58,r58,r58,r58,r58,r58,r58,r58,r58,r58,r58,r58,,,,,,,,,,,,,,,,,,,,,,,,,,,,,,,,,,,,,,,,,,,,,,,,,,,,,,,,,,,,,,,,,,,,,,,,,
62,,s1,s2,s3,s4,s5,s6,s7,s8,s9,s10,,s12,s13,,s15,s16,,,,,,,,,,,,,,,,,,,,,,,,,,,,,,,,,,,,,,,,,,,,,,,,,,,,,,,,,,,,,,,,,27,63,,,31,32,,,,139,65,,,,,,,,,,,,,,,,,,,,,,,,,,,,,,,,,
63,,,,,,,,,,,,,,,,,,,,,,s66,,s54,s55,,,,,,,,,,,,,,,,,,,,,,,,,,,,,,,,,,,,,,,,,,,,,,,,,,,,,,,,,,,,,,,,140,58,,,,,,,,,,,,,,,,,,,,,,,,,,,,,,,,,,,
64,,s1,s2,s3,s4,s5,s6,s7,s8,s9,s10,,s12,s13,,s15,s16,,,,,,,,,,,,,,,,,,,,,,,,,,,,,,,,s141,,,,,,,,,,,,,,,,,,,,,,,,,,,,,,,,,27,63,,,31,32,,,,,142,,,,,,,,,,,,,,,,,,,,,,,,,,,,,,,,,
65,r74,r74,r74,r74,r74,r74,r74,r74,r74,r74,r74,r74,r74,r74,r74,r74,r74,r74,r74,r74,r74,r74,r74,r74,r74,r74,r74,r74,r74,r74,r74,r74,r74,r74,r74,r74,r74,r74,r74,r74,r74,r74,r74,r74,r74,r74,r74,r74,r74,r74,r74,r74,,,,,,,,,,,,,,,,,,,,,,,,,,,,,,,,,,,,,,,,,,,,,,,,,,,,,,,,,,,,,,,,,,,,,,,,,
66,r25,r25,r25,r25,r25,r25,r25,r25,r25,r25,r25,r25,r25,r25,r25,r25,r25,r25,r25,r25,r25,r25,r25,r25,r25,r25,r25,r25,r25,r25,r25,r25,r25,r25,r25,r25,r25,r25,r25,r25,r25,r25,r25,r25,r25,r25,r25,r25,r25,s129,s131,r25,,,,,,,,,,,,,,,,,,,,,,,,,,,,,,,,,,,,,,,,,,,,,,,,,,,,,,,,,,,,,,,,,,,,,,,,,
67,,,,,,,,,,,,,,,,,,,,,,,,,,s143,,,,,,,,,,,,,,,,,,,,,,,,,,s134,,,,,,,,,,,,,,,,,,,,,,,,,,,,,,,,,,,,,,,,,,,,,,,,,,,,,,,,,,,,,,,,,,,,,,,,,
68,,,,,,,,,,,,,,,,,,,,,,s69,,,,,,,,,,,,,,,,,,,,,,,,,,,,,,,,,,,,,,,,,,,,,,,,,,,,,,,,,,,,,,,,,,,,,,,144,71,,,,,,,,,,,,,,,,,,,,,,,,,,,,,,,
69,r82,r82,r82,r82,r82,r82,r82,r82,r82,r82,r82,r82,r82,r82,r82,r82,r82,r82,r82,r82,r82,r82,r82,r82,r82,r82,r82,r82,r82,r82,r82,r82,r82,r82,r82,r82,r82,r82,r82,r82,r82,r82,r82,r82,r82,r82,r82,r82,r82,s145,r82,r82,,,,,,,,,,,,,,,,,,,,,,,,,,,,,,,,,,,,,,,,,,,,,,,,,,,,,,,,,,,,,,,,,,,,,,,,,
70,,,,,,,,,,,,,,,,,,,,,,,,,,,,,,,,,,,,,,,,,,,,,,,,,s147,,,s146,,,,,,,,,,,,,,,,,,,,,,,,,,,,,,,,,,,,,,,,,,,,,,,,,,,,,,,,,,,,,,,,,,,,,,,,,
71,r80,r80,r80,r80,r80,r80,r80,r80,r80,r80,r80,r80,r80,r80,r80,r80,r80,r80,r80,r80,r80,r80,r80,r80,r80,r80,r80,r80,r80,r80,r80,r80,r80,r80,r80,r80,r80,r80,r80,r80,r80,r80,r80,r80,r80,r80,r80,r80,r80,r80,r80,r80,,,,,,,,,,,,,,,,,,,,,,,,,,,,,,,,,,,,,,,,,,,,,,,,,,,,,,,,,,,,,,,,,,,,,,,,,
72,,s1,s2,s3,s4,s5,s6,s7,s8,s9,s10,,s12,s13,,s15,s16,,,,,,,,,,,,,,,,,,,,,,,,,,,,,,,,,,,,,,,,,,,,,,,,,,,,,,,,,,,,,,,,,27,63,,,31,32,,,,148,65,,,,,,,,,,,,,,,,,,,,,,,,,,,,,,,,,
73,,s1,s2,s3,s4,s5,s6,s7,s8,s9,s10,,s12,s13,,s15,s16,,,,,,,,,,,,,,,,,,,,,,,,,,,,,,,,s149,,,,,,,,,,,,,,,,,,,,,,,,,,,,,,,,,27,63,,,31,32,,,,,142,,,,,,,,,,,,,,,,,,,,,,,,,,,,,,,,,
74,,,,,,,,,,,,,,,,,,,,,,,,,s150,,,,,,,,,,,,,,,,,,,,,,,,,,,,,,,,,,,,,,,,,,,,,,,,,,,,,,,,,,,,,,,,,,,,,,,,,,,,,,,,,,,,,,,,,,,,,,,,,,,,
75,,,,,,,,,,,,,,,,,,,,,,,,,s151,,,,,,,,,,,,,,,,,,,,,,,,,,,,,,,,,,,,,,,,,,,,,,,,,,,,,,,,,,,,,,,,,,,,,,,,,,,,,,,,,,,,,,,,,,,,,,,,,,,,
76,,,,,,,,,,,,,,,,,,,,,,,,,s152,,,,,,,,,,,,,,,,,,,,,,,,,,,,,,,,,,,,,,,,,,,,,,,,,,,,,,,,,,,,,,,,,,,,,,,,,,,,,,,,,,,,,,,,,,,,,,,,,,,,
77,,,,,,,,,,,,,,,,,,,,,,s85,s50,s95,s98,s99,s74,s75,s76,s77,s78,s79,s80,s81,s82,s83,s84,s86,s87,s88,s89,s90,s91,s92,s93,s94,s96,s97,,,,,,,,,,,,,,,,,,,,,,,,,,,,,,,,,,,,,,,,104,,,,,,,,,153,108,109,110,111,112,113,114,115,116,117,118,119,120,121,122,124,125,126,127,128,,,,,,,,
78,,,,,,,,,,,,,,,,,,,,,,,,,s154,,,,,,,,,,,,,,,,,,,,,,,,,,,,,,,,,,,,,,,,,,,,,,,,,,,,,,,,,,,,,,,,,,,,,,,,,,,,,,,,,,,,,,,,,,,,,,,,,,,,
79,,,,,,,,,,,,,,,,,,,,,,s155,,s95,s98,,,,,,,,,,,,s84,s86,s87,s88,s89,s90,s91,s92,s93,s94,s96,s97,,,,,,,,,,,,,,,,,,,,,,,,,,,,,,,,,,,,,,,,,,,,,,,,,,,,,,,156,114,115,116,117,118,119,120,121,122,124,125,126,127,128,,,,,,,,
80,,,,,,,,,,,,,,,,,,,,,,,,,,,,,,,,,,,,,,,,,,,,,,,,,,,,,s157,,,,,,,,,,,,,,,,,,,,,,,,,,,,,,,,,,,,,,,,,,,,,,,,,,,,,,,,,,,,,,,,,,,,,,,,
81,,,,,,,,,,,,,,,,,,,,,,,,,,s158,,,,,,,,,,,,,,,,,,,,,,,,,,,,,,,,,,,,,,,,,,,,,,,,,,,,,,,,,,,,,,,,,,,,,,,,,,,,,,,,,,,,,,,,,,,,,,,,,,,
82,,,,,,,,,,,,,,,,,,,,,,,,,,s159,,,,,,,,,,,,,,,,,,,,,,,,,,,,,,,,,,,,,,,,,,,,,,,,,,,,,,,,,,,,,,,,,,,,,,,,,,,,,,,,,,,,,,,,,,,,,,,,,,,
83,,,,,,,,,,,,,,,,,,,,,,s155,,s95,s98,s160,,,,,,,,,,,s84,s86,s87,s88,s89,s90,s91,s92,s93,s94,s96,s97,,,,,,,,,,,,,,,,,,,,,,,,,,,,,,,,,,,,,,,,,,,,,,,,,,,,,,,161,114,115,116,117,118,119,120,121,122,124,125,126,127,128,,,,,,,,
84,,,,,,,,,,,,,,,,,,,,,,s155,,s95,s162,,,,,,,,,,,,s84,s86,s87,s88,s89,s90,s91,s92,s93,s94,s96,s97,,,,,,,,,,,,,,,,,,,,,,,,,,,,,,,,,,,,,,,,,,,,,,,,,,,,,,,,,,,,,,,,,,,163,127,128,,,,,,,,
85,r177,r177,r177,r177,r177,r177,r177,r177,r177,r177,r177,r177,r177,r177,r177,r177,r177,r177,r177,r177,r177,r177,r177,r177,r177,r177,r177,r177,r177,r177,r177,r177,r177,r177,r177,r177,r177,r177,r177,r177,r177,r177,r177,r177,r177,r177,r177,r177,r177,r177,r177,r177,s164,,,,,,,,,,,,,,,,,,,,,,,,,,,,,,,,,,,,,,,,,,,,,,,,,,,,,,,,,,,,,,,,,,,,,,,,
86,r178,r178,r178,r178,r178,r178,r178,r178,r178,r178,r178,r178,r178,r178,r178,r178,r178,r178,r178,r178,r178,r178,r178,r178,r178,r178,r178,r178,r178,r178,r178,r178,r178,r178,r178,r178,r178,r178,r178,r178,r178,r178,r178,r178,r178,r178,r178,r178,r178,r178,r178,r178,r178,,,,,,,,,,,,,,,,,,,,,,,,,,,,,,,,,,,,,,,,,,,,,,,,,,,,,,,,,,,,,,,,,,,,,,,,
87,r179,r179,r179,r179,r179,r179,r179,r179,r179,r179,r179,r179,r179,r179,r179,r179,r179,r179,r179,r179,r179,r179,r179,r179,r179,r179,r179,r179,r179,r179,r179,r179,r179,r179,r179,r179,r179,r179,r179,r179,r179,r179,r179,r179,r179,r179,r179,r179,r179,r179,r179,r179,r179,,,,,,,,,,,,,,,,,,,,,,,,,,,,,,,,,,,,,,,,,,,,,,,,,,,,,,,,,,,,,,,,,,,,,,,,
88,r180,r180,r180,r180,r180,r180,r180,r180,r180,r180,r180,r180,r180,r180,r180,r180,r180,r180,r180,r180,r180,r180,r180,r180,r180,r180,r180,r180,r180,r180,r180,r180,r180,r180,r180,r180,r180,r180,r180,r180,r180,r180,r180,r180,r180,r180,r180,r180,r180,r180,r180,r180,r180,,,,,,,,,,,,,,,,,,,,,,,,,,,,,,,,,,,,,,,,,,,,,,,,,,,,,,,,,,,,,,,,,,,,,,,,
89,r181,r181,r181,r181,r181,r181,r181,r181,r181,r181,r181,r181,r181,r181,r181,r181,r181,r181,r181,r181,r181,r181,r181,r181,r181,r181,r181,r181,r181,r181,r181,r181,r181,r181,r181,r181,r181,r181,r181,r181,r181,r181,r181,r181,r181,r181,r181,r181,r181,r181,r181,r181,r181,,,,,,,,,,,,,,,,,,,,,,,,,,,,,,,,,,,,,,,,,,,,,,,,,,,,,,,,,,,,,,,,,,,,,,,,
90,,,,,,,,,,,,,,,,,,,,,,s155,,s95,s98,,,,,,,,,,,,s84,s86,s87,s88,s89,s90,s91,s92,s93,s94,s96,s97,,,,,,,,,,,,,,,,,,,,,,,,,,,,,,,,,,,,,,,,,,,,,,,,,,,,,,,,,,,,,,,,,,,165,127,128,,,,,,,,
91,,,,,,,,,,,,,,,,,,,,,,s155,,s95,s98,,,,,,,,,,,,s84,s86,s87,s88,s89,s90,s91,s92,s93,s94,s96,s97,,,,,,,,,,,,,,,,,,,,,,,,,,,,,,,,,,,,,,,,,,,,,,,,,,,,,,,,,,,,,,,,,,,166,127,128,,,,,,,,
92,,,,,,,,,,,,,,,,,,,,,,s155,,s95,s98,,,,,,,,,,,,s84,s86,s87,s88,s89,s90,s91,s92,s93,s94,s96,s97,,,,,,,,,,,,,,,,,,,,,,,,,,,,,,,,,,,,,,,,,,,,,,,,,,,,,,,,,,,,,,,,,,,167,127,128,,,,,,,,
93,,,,,,,,,,,,,,,,,,,,,,s155,,s95,s98,,,,,,,,,,,,s84,s86,s87,s88,s89,s90,s91,s92,s93,s94,s96,s97,,,,,,,,,,,,,,,,,,,,,,,,,,,,,,,,,,,,,,,,,,,,,,,,,,,,,,,,,,,,,,,,,,,168,127,128,,,,,,,,
94,,,,,,,,,,,,,,,,,,,,,,s155,,s95,s98,,,,,,,,,,,,s84,s86,s87,s88,s89,s90,s91,s92,s93,s94,s96,s97,,,,,,,,,,,,,,,,,,,,,,,,,,,,,,,,,,,,,,,,,,,,,,,,,,,,,,,,,,,,,,,,,,,169,127,128,,,,,,,,
95,,,,,,,,,,,,,,,,,,,,,,s155,,s95,s98,,,,,,,,,,,,s84,s86,s87,s88,s89,s90,s91,s92,s93,s94,s96,s97,,,,,,,,,,,,,,,,,,,,,,,,,,,,,,,,,,,,,,,,,,,,,,,,,,,,,,,,,,,,,,,,,,,170,127,128,,,,,,,,
96,,,,,,,,,,,,,,,,,,,,,,s155,,s95,s98,,,,,,,,,,,,s84,s86,s87,s88,s89,s90,s91,s92,s93,s94,s96,s97,,,,,,,,,,,,,,,,,,,,,,,,,,,,,,,,,,,,,,,,,,,,,,,,,,,,,,,,,,,,,,,,,,,171,127,128,,,,,,,,
97,,,,,,,,,,,,,,,,,,,,,,s155,,s95,s98,,,,,,,,,,,,s84,s86,s87,s88,s89,s90,s91,s92,s93,s94,s96,s97,,,,,,,,,,,,,,,,,,,,,,,,,,,,,,,,,,,,,,,,,,,,,,,,,,,,,,,,,,,,,,,,,,,172,127,128,,,,,,,,
98,,,,,,,,,,,,,,,,,,,,,,s155,,s95,s98,,,,,,,,,,,,s84,s86,s87,s88,s89,s90,s91,s92,s93,s94,s96,s97,,,,,,,,,,,,,,,,,,,,,,,,,,,,,,,,,,,,,,,,,,,,,,,,,,,,,,,173,114,115,116,117,118,119,120,121,122,124,125,126,127,128,,,,,,,,
99,r96,r96,r96,r96,r96,r96,r96,r96,r96,r96,r96,r96,r96,r96,r96,r96,r96,r96,r96,r96,r96,r96,r96,r96,r96,r96,r96,r96,r96,r96,r96,r96,r96,r96,r96,r96,r96,r96,r96,r96,r96,r96,r96,r96,r96,r96,r96,r96,r96,r96,r96,r96,r96,,,,,,,,,,,,,,,,,,,,,,,,,,,,,,,,,,,,,,,,,,,,,,,,,,,,,,,,,,,,,,,,,,,,,,,,
100,r84,r84,r84,r84,r84,r84,r84,r84,r84,r84,r84,r84,r84,r84,r84,r84,r84,r84,r84,r84,r84,r84,r84,r84,r84,r84,r84,r84,r84,r84,r84,r84,r84,r84,r84,r84,r84,r84,r84,r84,r84,r84,r84,r84,r84,r84,r84,r84,r84,r84,r84,r84,r84,,,,,,,,,,,,,,,,,,,,,,,,,,,,,,,,,,,,,,,,,,,,,,,,,,,,,,,,,,,,,,,,,,,,,,,,
101,r88,r88,r88,r88,r88,r88,r88,r88,r88,r88,r88,r88,r88,r88,r88,r88,r88,r88,r88,r88,r88,r88,r88,r88,r88,r88,r88,r88,r88,r88,r88,r88,r88,r88,r88,r88,r88,r88,r88,r88,r88,r88,r88,r88,r88,r88,r88,r88,r88,r88,r88,r88,r88,,,,,,,,,,,,,,,,,,,,,,,,,,,,,,,,,,,,,,,,,,,,,,,,,,,,,,,,,,,,,,,,,,,,,,,,
102,,,,,,,,,,,,,,,,,,,,,,s66,,s54,s55,s56,,,,,,,,,,,,,,,,,,,,,,,,,,,,,,,,,,,,,,,,,,,,,,,,,,,,,,,,,,,,,,,57,58,,,,,,,,,,,,,,,,,,,,,,,,,,,,,,,,,,,
103,,s1,s2,s3,s4,s5,s6,s7,s8,s9,s10,,s12,s13,s14,s15,s16,s17,s18,s19,s20,,,,,,,,,,,,,,,,,,,,,,,,,,,,,,,,,,,,,,,,,,,,,,,,,,,,,,,,,,,,,27,174,60,,31,32,,,,,,,,,,,,,,,,,,,,,,,,,,,,,,,,,,,,,,
104,r90,r90,r90,r90,r90,r90,r90,r90,r90,r90,r90,r90,r90,r90,r90,r90,r90,r90,r90,r90,r90,r90,r90,r90,r90,r90,r90,r90,r90,r90,r90,r90,r90,r90,r90,r90,r90,r90,r90,r90,r90,r90,r90,r90,r90,r90,r90,r90,r90,r90,r90,r90,r90,,,,,,,,,,,,,,,,,,,,,,,,,,,,,,,,,,,,,,,,,,,,,,,,,,,,,,,,,,,,,,,,,,,,,,,,
105,,s1,s2,s3,s4,s5,s6,s7,s8,s9,s10,s11,s12,s13,s14,s15,s16,s17,s18,s19,s20,s85,s50,s95,s98,s99,s74,s75,s76,s77,s78,s79,s80,s81,s82,s83,s84,s86,s87,s88,s89,s90,s91,s92,s93,s94,s96,s97,s175,,,,,,,,,,,,,,,,,,,,,,,,,,,,,,,,101,27,102,29,103,31,32,104,,,,,,,,176,107,108,109,110,111,112,113,114,115,116,117,118,119,120,121,122,124,125,126,127,128,,,,,,,,
106,r86,r86,r86,r86,r86,r86,r86,r86,r86,r86,r86,r86,r86,r86,r86,r86,r86,r86,r86,r86,r86,r86,r86,r86,r86,r86,r86,r86,r86,r86,r86,r86,r86,r86,r86,r86,r86,r86,r86,r86,r86,r86,r86,r86,r86,r86,r86,r86,r86,r86,r86,r86,r86,,,,,,,,,,,,,,,,,,,,,,,,,,,,,,,,,,,,,,,,,,,,,,,,,,,,,,,,,,,,,,,,,,,,,,,,
107,r89,r89,r89,r89,r89,r89,r89,r89,r89,r89,r89,r89,r89,r89,r89,r89,r89,r89,r89,r89,r89,r89,r89,r89,r89,r89,r89,r89,r89,r89,r89,r89,r89,r89,r89,r89,r89,r89,r89,r89,r89,r89,r89,r89,r89,r89,r89,r89,r89,r89,r89,r89,r89,,,,,,,,,,,,,,,,,,,,,,,,,,,,,,,,,,,,,,,,,,,,,,,,,,,,,,,,,,,,,,,,,,,,,,,,
108,r91,r91,r91,r91,r91,r91,r91,r91,r91,r91,r91,r91,r91,r91,r91,r91,r91,r91,r91,r91,r91,r91,r91,r91,r91,r91,r91,r91,r91,r91,r91,r91,r91,r91,r91,r91,r91,r91,r91,r91,r91,r91,r91,r91,r91,r91,r91,r91,r91,r91,r91,r91,r91,,,,,,,,,,,,,,,,,,,,,,,,,,,,,,,,,,,,,,,,,,,,,,,,,,,,,,,,,,,,,,,,,,,,,,,,
109,r92,r92,r92,r92,r92,r92,r92,r92,r92,r92,r92,r92,r92,r92,r92,r92,r92,r92,r92,r92,r92,r92,r92,r92,r92,r92,r92,r92,r92,r92,r92,r92,r92,r92,r92,r92,r92,r92,r92,r92,r92,r92,r92,r92,r92,r92,r92,r92,r92,r92,r92,r92,r92,,,,,,,,,,,,,,,,,,,,,,,,,,,,,,,,,,,,,,,,,,,,,,,,,,,,,,,,,,,,,,,,,,,,,,,,
110,r95,r95,r95,r95,r95,r95,r95,r95,r95,r95,r95,r95,r95,r95,r95,r95,r95,r95,r95,r95,r95,r95,r95,r95,r95,r95,r95,r95,r95,r95,r95,r95,r95,r95,r95,r95,r95,r95,r95,r95,r95,r95,r95,r95,r95,r95,r95,r95,r95,r95,r95,r95,r95,,,,,,,,,,,,,,,,,,,,,,,,,,,,,,,,,,,,,,,,,,,,,,,,,,,,,,,,,,,,,,,,,,,,,,,,
111,r93,r93,r93,r93,r93,r93,r93,r93,r93,r93,r93,r93,r93,r93,r93,r93,r93,r93,r93,r93,r93,r93,r93,r93,r93,r93,r93,r93,r93,r93,r93,r93,r93,r93,r93,r93,r93,r93,r93,r93,r93,r93,r93,r93,r93,r93,r93,r93,r93,r93,r93,r93,r93,,,,,,,,,,,,,,,,,,,,,,,,,,,,,,,,,,,,,,,,,,,,,,,,,,,,,,,,,,,,,,,,,,,,,,,,
112,r94,r94,r94,r94,r94,r94,r94,r94,r94,r94,r94,r94,r94,r94,r94,r94,r94,r94,r94,r94,r94,r94,r94,r94,r94,r94,r94,r94,r94,r94,r94,r94,r94,r94,r94,r94,r94,r94,r94,r94,r94,r94,r94,r94,r94,r94,r94,r94,r94,r94,r94,r94,r94,,,,,,,,,,,,,,,,,,,,,,,,,,,,,,,,,,,,,,,,,,,,,,,,,,,,,,,,,,,,,,,,,,,,,,,,
113,,,,,,,,,,,,,,,,,,,,,,,,,,s178,,,,,,,,,,,,,,,,,,,,,,,,,,s177,,,,,,,,,,,,,,,,,,,,,,,,,,,,,,,,,,,,,,,,,,,,,,,,,,,,,,,,,,,,,,,,,,,,,,,,,
114,r123,r123,r123,r123,r123,r123,r123,r123,r123,r123,r123,r123,r123,r123,r123,r123,r123,r123,r123,r123,r123,r123,r123,r123,r123,r123,r123,r123,r123,r123,r123,r123,r123,r123,r123,r123,r123,r123,r123,r123,r123,r123,r123,r123,r123,r123,r123,r123,r123,r123,r123,r123,r123,,,,,,,,,,,,,,,,,,,,,,,,,,,,,,,,,,,,,,,,,,,,,,,,,,,,,,,,,,,,,,,,,,,,,,,,
115,r125,r125,r125,r125,r125,r125,r125,r125,r125,r125,r125,r125,r125,r125,r125,r125,r125,r125,r125,r125,r125,r125,r125,r125,r125,r125,r125,r125,r125,r125,r125,r125,r125,r125,r125,r125,r125,r125,r125,r125,r125,r125,r125,r125,r125,r125,r125,r125,r125,r125,r125,r125,r125,,,,,,,,,,,,,,,,,,,,,,,,,,,,,,,,,,,,,,,,,,,,,,,,,,,,,,,,,,,,,,,,,,,,,,,,
116,r128,r128,r128,r128,r128,r128,r128,r128,r128,r128,r128,r128,r128,r128,r128,r128,r128,r128,r128,r128,r128,r128,r128,r128,r128,r128,r128,r128,r128,r128,r128,r128,r128,r128,r128,r128,r128,r128,r128,r128,r128,r128,r128,r128,r128,r128,r128,r128,r128,r128,r128,r128,r128,s179,s180,,,,,,,,,,,,,,,,,,,,,,,,,,,,,,,,,,,,,,,,,,,,,,,,,,,,,,,,,,,,,,,,,,,,,,
117,r130,r130,r130,r130,r130,r130,r130,r130,r130,r130,r130,r130,r130,r130,r130,r130,r130,r130,r130,r130,r130,r130,r130,r130,r130,r130,r130,r130,r130,r130,r130,r130,r130,r130,r130,r130,r130,r130,r130,r130,r130,r130,r130,r130,r130,r130,r130,r130,r130,r130,r130,r130,r130,r130,r130,s181,,,,,,,,,,,,,,,,,,,,,,,,,,,,,,,,,,,,,,,,,,,,,,,,,,,,,,,,,,,,,,,,,,,,,
118,r132,r132,r132,r132,r132,r132,r132,r132,r132,r132,r132,r132,r132,r132,r132,r132,r132,r132,r132,r132,r132,r132,r132,r132,r132,r132,r132,r132,r132,r132,r132,r132,r132,r132,r132,r132,r132,r132,r132,r132,r132,r132,r132,r132,r132,r132,r132,r132,r132,r132,r132,r132,r132,r132,r132,r132,s182,,,,,,,,,,,,,,,,,,,,,,,,,,,,,,,,,,,,,,,,,,,,,,,,,,,,,,,,,,,,,,,,,,,,
119,r134,r134,r134,r134,r134,r134,r134,r134,r134,r134,r134,r134,r134,r134,r134,r134,r134,r134,r134,r134,r134,r134,r134,r134,r134,r134,r134,r134,r134,r134,r134,r134,r134,r134,r134,r134,r134,r134,r134,r134,r134,r134,r134,r134,r134,r134,r134,r134,r134,r134,r134,r134,r134,r134,r134,r134,r134,s183,,,,,,,,,,,,,,,,,,,,,,,,,,,,,,,,,,,,,,,,,,,,,,,,,,,,,,,,,,,,,,,,,,,
120,r136,r136,r136,r136,r136,r136,r136,r136,r136,r136,r136,r136,r136,r136,r136,r136,r136,r136,r136,r136,r136,r136,r136,r136,r136,r136,r136,r136,r136,r136,r136,r136,r136,r136,r136,r136,r136,r136,r136,r136,r136,r136,r136,s184,r136,r136,r136,r136,r136,r136,r136,r136,r136,r136,r136,r136,r136,r136,,,,,,,,,,,,,,,,,,,,,,,,,,,,,,,,,,,,,,,,,,,,,,,,,,,,,,,,,,,,,,,,,,,
121,r138,r138,r138,r138,r138,r138,r138,r138,r138,r138,r138,r138,r138,r138,r138,r138,r138,r138,r138,r138,r138,r138,r138,r138,r138,r138,r138,r138,r138,r138,r138,r138,r138,r138,r138,r138,r138,r138,r138,r138,r138,r138,r138,r138,r138,r138,r138,r138,r138,r138,r138,r138,r138,r138,r138,r138,r138,r138,s185,s186,,,,,,,,,,,,,,,,,,,,,,,,,,,,,,,,,,,,,,,,,,,,,,,,,,,,,,,,,,,,,,,,,
122,r140,r140,r140,r140,r140,r140,r140,r140,r140,r140,r140,r140,r140,r140,r140,r140,r140,r140,r140,r140,r140,r140,r140,r140,r140,r140,r140,r140,r140,r140,r140,r140,r140,r140,r140,r140,r140,r140,r140,r140,r140,r140,r140,r140,r140,r140,r140,r140,r140,r140,r140,r140,r140,r140,r140,r140,r140,r140,r140,r140,s187,s188,s189,s190,,,,,,,,,,,,,,,,,,,,,,,,,,,,,,,,,,,,,,,,,,,,,,,,,,,,,,,,,,,,,
123,r143,r143,r143,r143,r143,r143,r143,r143,r143,r143,r143,r143,r143,r143,r143,r143,r143,r143,r143,r143,r143,r143,r143,r143,r143,r143,r143,r143,r143,r143,r143,r143,r143,r143,r143,r143,r143,r143,r143,r143,r143,r143,r143,r143,r143,r143,r143,r143,r143,r143,r143,r143,r143,r143,r143,r143,r143,r143,r143,r143,r143,r143,r143,r143,s191,s192,,,,,,,,,,,,,,,,,,,,,,,,,,,,,,,,,,,,,,,,,,,,,,,,,,,,,,,,,,,
124,r148,r148,r148,r148,r148,r148,r148,r148,r148,r148,r148,r148,r148,r148,r148,r148,r148,r148,r148,r148,r148,r148,r148,r148,r148,r148,r148,r148,r148,r148,r148,r148,r148,r148,r148,r148,r148,r148,r148,r148,r148,r148,r148,r148,s193,s194,r148,r148,r148,r148,r148,r148,r148,r148,r148,r148,r148,r148,r148,r148,r148,r148,r148,r148,r148,r148,,,,,,,,,,,,,,,,,,,,,,,,,,,,,,,,,,,,,,,,,,,,,,,,,,,,,,,,,,,
125,r151,r151,r151,r151,r151,r151,r151,r151,r151,r151,r151,r151,r151,r151,r151,r151,r151,r151,r151,r151,r151,r151,r151,s195,r151,r151,r151,r151,r151,r151,r151,r151,r151,r151,r151,r151,r151,r151,r151,r151,r151,r151,r151,r151,r151,r151,r151,r151,r151,r151,r151,r151,r151,r151,r151,r151,r151,r151,r151,r151,r151,r151,r151,r151,r151,r151,s196,s197,,,,,,,,,,,,,,,,,,,,,,,,,,,,,,,,,,,,,,,,,,,,,,,,,,,,,,,,,
126,r154,r154,r154,r154,r154,r154,r154,r154,r154,r154,r154,r154,r154,r154,r154,r154,r154,r154,r154,r154,r154,r154,r154,r154,r154,r154,r154,r154,r154,r154,r154,r154,r154,r154,r154,r154,r154,r154,r154,r154,r154,r154,r154,r154,r154,r154,r154,r154,r154,s199,r154,r154,r154,r154,r154,r154,r154,r154,r154,r154,r154,r154,r154,r154,r154,r154,r154,r154,s198,,,,,,,,,,,,,,,,,,,,,,,,,,,,,,,,,,,,,,,,,,,,,,,,,,,,,,,,
127,r158,r158,r158,r158,r158,r158,r158,r158,r158,r158,r158,r158,r158,r158,r158,r158,r158,r158,r158,r158,r158,r158,r158,r158,s204,r158,r158,r158,r158,r158,r158,r158,r158,r158,r158,r158,r158,r158,r158,r158,r158,s201,s202,r158,r158,r158,r158,r158,r158,r158,s205,r158,r158,r158,r158,r158,r158,r158,r158,r158,r158,r158,r158,r158,r158,r158,r158,r158,r158,s200,s203,,,,,,,,,,,,,,,,,,,,,,,,,,,,,,,,,,,,,,,,,,,,,,,,,,,,,,
128,r169,r169,r169,r169,r169,r169,r169,r169,r169,r169,r169,r169,r169,r169,r169,r169,r169,r169,r169,r169,r169,r169,r169,r169,r169,r169,r169,r169,r169,r169,r169,r169,r169,r169,r169,r169,r169,r169,r169,r169,r169,r169,r169,r169,r169,r169,r169,r169,r169,r169,r169,r169,r169,r169,r169,r169,r169,r169,r169,r169,r169,r169,r169,r169,r169,r169,r169,r169,r169,r169,r169,,,,,,,,,,,,,,,,,,,,,,,,,,,,,,,,,,,,,,,,,,,,,,,,,,,,,,
129,,,,,,,,,,,,,,,,,,,,,,s155,s206,s95,s98,,,,,,,,,,,,s84,s86,s87,s88,s89,s90,s91,s92,s93,s94,s96,s97,,,,,,,,,,,,,,,,,,,,,,,,,,,,,,,,,,,,,,,,,,,,,,,,,,,,,,,,208,115,116,117,118,119,120,121,122,124,125,126,127,128,207,,,,,,,
130,,s1,s2,s3,s4,s5,s6,s7,s8,s9,s10,,s12,s13,s14,s15,s16,s17,s18,s19,s20,,,,,,,,,,,,,,,,,,,,,,,,,,,,,,,,,,,,,,,,,,,,,,,,,,,s209,s210,,,,,,,,,27,213,29,214,31,32,,,,,,,,,,,,,,,,,,,,,,,,,,,,,,,,211,212,,,,,
131,,,,,,,,,,,,,,,,,,,,,,,,,,,,,,,,,,,,,,s215,,,,,,,,,,,,,,,,,,,,,,,,,,,,,,,,,,,,s216,,,,,,,,,,,,,,,,,,,,,,,,,,,,,,,,,,,,,,,,,,,,,,,,,,,
132,r26,r26,r26,r26,r26,r26,r26,r26,r26,r26,r26,r26,r26,r26,r26,r26,r26,r26,r26,r26,r26,r26,r26,r26,r26,r26,r26,r26,r26,r26,r26,r26,r26,r26,r26,r26,r26,r26,r26,r26,r26,r26,r26,r26,r26,r26,r26,r26,r26,s217,r26,r26,r26,r26,r26,r26,r26,r26,r26,r26,r26,r26,r26,r26,r26,r26,r26,r26,r26,r26,r26,r26,r26,r26,,,,,,,,,,,,,,,,,,,,,,,,,,,,,,,,,,,,,,,,,,,,,,,,,,,
133,,,,,,,,,,,,,,,,,,,,,,s218,,,,,,,,,,,,,,,,,,,,,,,,,,,,,,,,,,,,,,,,,,,,,,,,,,,,,,,,,,,,,,,,,,,,,,,,,,,,,,,,,,,,,,,,,,,,,,,,,,,,,,,
134,,,,,,,,,,,,,,,,,,,,,,s66,,s54,s55,,,,,,,,,,,,,,,,,,,,,,,,,,,,,,,,,,,,,,,,,,,,,,,,,,,,,,,,,,,,,,,,,219,,,,,,,,,,,,,,,,,,,,,,,,,,,,,,,,,,,
135,r18,r18,r18,r18,r18,r18,r18,r18,r18,r18,r18,r18,r18,r18,r18,r18,r18,r18,r18,r18,r18,r18,r18,r18,r18,r18,r18,r18,r18,r18,r18,r18,r18,r18,r18,r18,r18,r18,r18,r18,r18,r18,r18,r18,r18,r18,r18,r18,r18,r18,r18,r18,r18,r18,r18,r18,r18,r18,r18,r18,r18,r18,r18,r18,r18,r18,r18,r18,r18,r18,r18,r18,r18,r18,,,,,,,,,,,,,,,,,,,,,,,,,,,,,,,,,,,,,,,,,,,,,,,,,,,
136,r25,r25,r25,r25,r25,r25,r25,r25,r25,r25,r25,r25,r25,r25,r25,r25,r25,r25,r25,r25,r25,r25,r25,r25,s220,r25,r25,r25,r25,r25,r25,r25,r25,r25,r25,r25,r25,r25,r25,r25,r25,r25,r25,r25,r25,r25,r25,r25,r25,s129,s131,r25,r25,r25,r25,r25,r25,r25,r25,r25,r25,r25,r25,r25,r25,r25,r25,r25,r25,r25,r25,r25,r25,r25,,,,,,,,,,,,,,,,,,,,,,,,,,,,,,,,,,,,,,,,,,,,,,,,,,,
137,r21,r21,r21,r21,r21,r21,r21,r21,r21,r21,r21,r21,r21,r21,r21,r21,r21,r21,r21,r21,r21,r21,r21,r21,r21,r21,r21,r21,r21,r21,r21,r21,r21,r21,r21,r21,r21,r21,r21,r21,r21,r21,r21,r21,r21,r21,r21,r21,r21,r21,r21,r21,r21,r21,r21,r21,r21,r21,r21,r21,r21,r21,r21,r21,r21,r21,r21,r21,r21,r21,r21,r21,r21,r21,,,,,,,,,,,,,,,,,,,,,,,,,,,,,,,,,,,,,,,,,,,,,,,,,,,
138,,,,,,,,,,,,,,,,,,,,,,,,,,s221,,,,,,,,,,,,,,,,,,,,,,,,,,s134,,,,,,,,,,,,,,,,,,,,,,,,,,,,,,,,,,,,,,,,,,,,,,,,,,,,,,,,,,,,,,,,,,,,,,,,,
139,,s1,s2,s3,s4,s5,s6,s7,s8,s9,s10,,s12,s13,,s15,s16,,,,,,,,,,,,,,,,,,,,,,,,,,,,,,,,s222,,,,,,,,,,,,,,,,,,,,,,,,,,,,,,,,,27,63,,,31,32,,,,,142,,,,,,,,,,,,,,,,,,,,,,,,,,,,,,,,,
140,,,,,,,,,,,,,,,,,,,,,,,,,,s223,,,,,,,,,,,,,,,,,,,,,,,,,,s134,,,,,,,,,,,,,,,,,,,,,,,,,,,,,,,,,,,,,,,,,,,,,,,,,,,,,,,,,,,,,,,,,,,,,,,,,
141,r69,r69,r69,r69,r69,r69,r69,r69,r69,r69,r69,r69,r69,r69,r69,r69,r69,r69,r69,r69,r69,r69,r69,r69,r69,r69,r69,r69,r69,r69,r69,r69,r69,r69,r69,r69,r69,r69,r69,r69,r69,r69,r69,r69,r69,r69,r69,r69,r69,r69,r69,r69,r69,r69,r69,r69,r69,r69,r69,r69,r69,r69,r69,r69,r69,r69,r69,r69,r69,r69,r69,r69,r69,r69,,,,,,,,,,,,,,,,,,,,,,,,,,,,,,,,,,,,,,,,,,,,,,,,,,,
142,r75,r75,r75,r75,r75,r75,r75,r75,r75,r75,r75,r75,r75,r75,r75,r75,r75,r75,r75,r75,r75,r75,r75,r75,r75,r75,r75,r75,r75,r75,r75,r75,r75,r75,r75,r75,r75,r75,r75,r75,r75,r75,r75,r75,r75,r75,r75,r75,r75,r75,r75,r75,r75,r75,r75,r75,r75,r75,r75,r75,r75,r75,r75,r75,r75,r75,r75,r75,r75,r75,r75,r75,r75,r75,,,,,,,,,,,,,,,,,,,,,,,,,,,,,,,,,,,,,,,,,,,,,,,,,,,
143,r22,r22,r22,r22,r22,r22,r22,r22,r22,r22,r22,r22,r22,r22,r22,r22,r22,r22,r22,r22,r22,r22,r22,r22,r22,r22,r22,r22,r22,r22,r22,r22,r22,r22,r22,r22,r22,r22,r22,r22,r22,r22,r22,r22,r22,r22,r22,r22,r22,r22,r22,r22,r22,r22,r22,r22,r22,r22,r22,r22,r22,r22,r22,r22,r22,r22,r22,r22,r22,r22,r22,r22,r22,r22,,,,,,,,,,,,,,,,,,,,,,,,,,,,,,,,,,,,,,,,,,,,,,,,,,,
144,,,,,,,,,,,,,,,,,,,,,,,,,,,,,,,,,,,,,,,,,,,,,,,,,s224,,,s146,,,,,,,,,,,,,,,,,,,,,,,,,,,,,,,,,,,,,,,,,,,,,,,,,,,,,,,,,,,,,,,,,,,,,,,,,
145,,,,,,,,,,,,,,,,,,,,,,,,,,,,,,,,,,,,,,s225,,,,,,,,,,,,,,,,,,,,,,,,,,,,,,,,,,,,,,,,,,,,,,,,,,,,,,,,,,,,,,,,,,,,,,,,,,,,,,,,,,,,,,,
146,,,,,,,,,,,,,,,,,,,,,,s69,,,,,,,,,,,,,,,,,,,,,,,,,,,,,,,,,,,,,,,,,,,,,,,,,,,,,,,,,,,,,,,,,,,,,,,,226,,,,,,,,,,,,,,,,,,,,,,,,,,,,,,,
147,r78,r78,r78,r78,r78,r78,r78,r78,r78,r78,r78,r78,r78,r78,r78,r78,r78,r78,r78,r78,r78,r78,r78,r78,r78,r78,r78,r78,r78,r78,r78,r78,r78,r78,r78,r78,r78,r78,r78,r78,r78,r78,r78,r78,r78,r78,r78,r78,r78,r78,r78,r78,r78,r78,r78,r78,r78,r78,r78,r78,r78,r78,r78,r78,r78,r78,r78,r78,r78,r78,r78,r78,r78,r78,,,,,,,,,,,,,,,,,,,,,,,,,,,,,,,,,,,,,,,,,,,,,,,,,,,
148,,s1,s2,s3,s4,s5,s6,s7,s8,s9,s10,,s12,s13,,s15,s16,,,,,,,,,,,,,,,,,,,,,,,,,,,,,,,,s227,,,,,,,,,,,,,,,,,,,,,,,,,,,,,,,,,27,63,,,31,32,,,,,142,,,,,,,,,,,,,,,,,,,,,,,,,,,,,,,,,
149,r72,r72,r72,r72,r72,r72,r72,r72,r72,r72,r72,r72,r72,r72,r72,r72,r72,r72,r72,r72,r72,r72,r72,r72,r72,r72,r72,r72,r72,r72,r72,r72,r72,r72,r72,r72,r72,r72,r72,r72,r72,r72,r72,r72,r72,r72,r72,r72,r72,r72,r72,r72,r72,r72,r72,r72,r72,r72,r72,r72,r72,r72,r72,r72,r72,r72,r72,r72,r72,r72,r72,r72,r72,r72,,,,,,,,,,,,,,,,,,,,,,,,,,,,,,,,,,,,,,,,,,,,,,,,,,,
150,,,,,,,,,,,,,,,,,,,,,,s155,,s95,s98,,,,,,,,,,,,s84,s86,s87,s88,s89,s90,s91,s92,s93,s94,s96,s97,,,,,,,,,,,,,,,,,,,,,,,,,,,,,,,,,,,,,,,,,,,,,,,,,,,,,,,228,114,115,116,117,118,119,120,121,122,124,125,126,127,128,,,,,,,,
151,,s1,s2,s3,s4,s5,s6,s7,s8,s9,s10,s11,s12,s13,s14,s15,s16,s17,s18,s19,s20,s155,,s95,s98,s99,,,,,,,,,,,s84,s86,s87,s88,s89,s90,s91,s92,s93,s94,s96,s97,,,,,,,,,,,,,,,,,,,,,,,,,,,,,,,,,229,27,102,29,103,31,32,,,,,,,,,,,230,,,,,113,114,115,116,117,118,119,120,121,122,124,125,126,127,128,,,,,,,,
152,,,,,,,,,,,,,,,,,,,,,,s155,,s95,s98,,,,,,,,,,,,s84,s86,s87,s88,s89,s90,s91,s92,s93,s94,s96,s97,,,,,,,,,,,,,,,,,,,,,,,,,,,,,,,,,,,,,,,,,,,,,,,,,,,,,,,231,114,115,116,117,118,119,120,121,122,124,125,126,127,128,,,,,,,,
153,,,,,,,,,,,,,,,,,,,,,,,,,,,,,s232,,,,,,,,,,,,,,,,,,,,,,,,,,,,,,,,,,,,,,,,,,,,,,,,,,,,,,,,,,,,,,,,,,,,,,,,,,,,,,,,,,,,,,,,,,,,,,,,
154,,,,,,,,,,,,,,,,,,,,,,s155,,s95,s98,,,,,,,,,,,,s84,s86,s87,s88,s89,s90,s91,s92,s93,s94,s96,s97,,,,,,,,,,,,,,,,,,,,,,,,,,,,,,,,,,,,,,,,,,,,,,,,,,,,,,,233,114,115,116,117,118,119,120,121,122,124,125,126,127,128,,,,,,,,
155,r177,r177,r177,r177,r177,r177,r177,r177,r177,r177,r177,r177,r177,r177,r177,r177,r177,r177,r177,r177,r177,r177,r177,r177,r177,r177,r177,r177,r177,r177,r177,r177,r177,r177,r177,r177,r177,r177,r177,r177,r177,r177,r177,r177,r177,r177,r177,r177,r177,r177,r177,r177,r177,r177,r177,r177,r177,r177,r177,r177,r177,r177,r177,r177,r177,r177,r177,r177,r177,r177,r177,r177,r177,r177,,,,,,,,,,,,,,,,,,,,,,,,,,,,,,,,,,,,,,,,,,,,,,,,,,,
156,,,,,,,,,,,,,,,,,,,,,,,,,,,,,,,,,,,,,,,,,,,,,,,,,,,,s177,s234,,,,,,,,,,,,,,,,,,,,,,,,,,,,,,,,,,,,,,,,,,,,,,,,,,,,,,,,,,,,,,,,,,,,,,,,
157,r108,r108,r108,r108,r108,r108,r108,r108,r108,r108,r108,r108,r108,r108,r108,r108,r108,r108,r108,r108,r108,r108,r108,r108,r108,r108,r108,r108,r108,r108,r108,r108,r108,r108,r108,r108,r108,r108,r108,r108,r108,r108,r108,r108,r108,r108,r108,r108,r108,r108,r108,r108,r108,r108,r108,r108,r108,r108,r108,r108,r108,r108,r108,r108,r108,r108,r108,r108,r108,r108,r108,r108,r108,r108,,,,,,,,,,,,,,,,,,,,,,,,,,,,,,,,,,,,,,,,,,,,,,,235,,,,
158,r121,r121,r121,r121,r121,r121,r121,r121,r121,r121,r121,r121,r121,r121,r121,r121,r121,r121,r121,r121,r121,r121,r121,r121,r121,r121,r121,r121,r121,r121,r121,r121,r121,r121,r121,r121,r121,r121,r121,r121,r121,r121,r121,r121,r121,r121,r121,r121,r121,r121,r121,r121,r121,r121,r121,r121,r121,r121,r121,r121,r121,r121,r121,r121,r121,r121,r121,r121,r121,r121,r121,r121,r121,r121,,,,,,,,,,,,,,,,,,,,,,,,,,,,,,,,,,,,,,,,,,,,,,,,,,,
159,r122,r122,r122,r122,r122,r122,r122,r122,r122,r122,r122,r122,r122,r122,r122,r122,r122,r122,r122,r122,r122,r122,r122,r122,r122,r122,r122,r122,r122,r122,r122,r122,r122,r122,r122,r122,r122,r122,r122,r122,r122,r122,r122,r122,r122,r122,r122,r122,r122,r122,r122,r122,r122,r122,r122,r122,r122,r122,r122,r122,r122,r122,r122,r122,r122,r122,r122,r122,r122,r122,r122,r122,r122,r122,,,,,,,,,,,,,,,,,,,,,,,,,,,,,,,,,,,,,,,,,,,,,,,,,,,
160,r119,r119,r119,r119,r119,r119,r119,r119,r119,r119,r119,r119,r119,r119,r119,r119,r119,r119,r119,r119,r119,r119,r119,r119,r119,r119,r119,r119,r119,r119,r119,r119,r119,r119,r119,r119,r119,r119,r119,r119,r119,r119,r119,r119,r119,r119,r119,r119,r119,r119,r119,r119,r119,r119,r119,r119,r119,r119,r119,r119,r119,r119,r119,r119,r119,r119,r119,r119,r119,r119,r119,r119,r119,r119,,,,,,,,,,,,,,,,,,,,,,,,,,,,,,,,,,,,,,,,,,,,,,,,,,,
161,,,,,,,,,,,,,,,,,,,,,,,,,,s236,,,,,,,,,,,,,,,,,,,,,,,,,,s177,,,,,,,,,,,,,,,,,,,,,,,,,,,,,,,,,,,,,,,,,,,,,,,,,,,,,,,,,,,,,,,,,,,,,,,,,
162,,s1,s2,s3,s4,s5,s6,s7,s8,s9,s10,,s12,s13,,s15,s16,,,,,s155,,s95,s98,,,,,,,,,,,,s84,s86,s87,s88,s89,s90,s91,s92,s93,s94,s96,s97,,,,,,,,,,,,,,,,,,,,,,,,,,,,,,,,,,27,237,,,31,32,,,,,,,,,,,,,,,,173,114,115,116,117,118,119,120,121,122,124,125,126,127,128,,,,,,,,
163,r167,r167,r167,r167,r167,r167,r167,r167,r167,r167,r167,r167,r167,r167,r167,r167,r167,r167,r167,r167,r167,r167,r167,r167,r167,r167,r167,r167,r167,r167,r167,r167,r167,r167,r167,r167,r167,r167,r167,r167,r167,r167,r167,r167,r167,r167,r167,r167,r167,r167,r167,r167,r167,r167,r167,r167,r167,r167,r167,r167,r167,r167,r167,r167,r167,r167,r167,r167,r167,r167,r167,r167,r167,r167,,,,,,,,,,,,,,,,,,,,,,,,,,,,,,,,,,,,,,,,,,,,,,,,,,,
164,,,,,,,,,,,,,,,,,,,,,,s85,s50,s95,s98,s99,s74,s75,s76,s77,s78,s79,s80,s81,s82,s83,s84,s86,s87,s88,s89,s90,s91,s92,s93,s94,s96,s97,,,,,,,,,,,,,,,,,,,,,,,,,,,,,,,,,,,,,,,,104,,,,,,,,,238,108,109,110,111,112,113,114,115,116,117,118,119,120,121,122,124,125,126,127,128,,,,,,,,
165,r159,r159,r159,r159,r159,r159,r159,r159,r159,r159,r159,r159,r159,r159,r159,r159,r159,r159,r159,r159,r159,r159,r159,r159,r159,r159,r159,r159,r159,r159,r159,r159,r159,r159,r159,r159,r159,r159,r159,r159,r159,r159,r159,r159,r159,r159,r159,r159,r159,r159,r159,r159,r159,r159,r159,r159,r159,r159,r159,r159,r159,r159,r159,r159,r159,r159,r159,r159,r159,r159,r159,r159,r159,r159,,,,,,,,,,,,,,,,,,,,,,,,,,,,,,,,,,,,,,,,,,,,,,,,,,,
166,r160,r160,r160,r160,r160,r160,r160,r160,r160,r160,r160,r160,r160,r160,r160,r160,r160,r160,r160,r160,r160,r160,r160,r160,r160,r160,r160,r160,r160,r160,r160,r160,r160,r160,r160,r160,r160,r160,r160,r160,r160,r160,r160,r160,r160,r160,r160,r160,r160,r160,r160,r160,r160,r160,r160,r160,r160,r160,r160,r160,r160,r160,r160,r160,r160,r160,r160,r160,r160,r160,r160,r160,r160,r160,,,,,,,,,,,,,,,,,,,,,,,,,,,,,,,,,,,,,,,,,,,,,,,,,,,
167,r166,r166,r166,r166,r166,r166,r166,r166,r166,r166,r166,r166,r166,r166,r166,r166,r166,r166,r166,r166,r166,r166,r166,r166,r166,r166,r166,r166,r166,r166,r166,r166,r166,r166,r166,r166,r166,r166,r166,r166,r166,r166,r166,r166,r166,r166,r166,r166,r166,r166,r166,r166,r166,r166,r166,r166,r166,r166,r166,r166,r166,r166,r166,r166,r166,r166,r166,r166,r166,r166,r166,r166,r166,r166,,,,,,,,,,,,,,,,,,,,,,,,,,,,,,,,,,,,,,,,,,,,,,,,,,,
168,r162,r162,r162,r162,r162,r162,r162,r162,r162,r162,r162,r162,r162,r162,r162,r162,r162,r162,r162,r162,r162,r162,r162,r162,r162,r162,r162,r162,r162,r162,r162,r162,r162,r162,r162,r162,r162,r162,r162,r162,r162,r162,r162,r162,r162,r162,r162,r162,r162,r162,r162,r162,r162,r162,r162,r162,r162,r162,r162,r162,r162,r162,r162,r162,r162,r162,r162,r162,r162,r162,r162,r162,r162,r162,,,,,,,,,,,,,,,,,,,,,,,,,,,,,,,,,,,,,,,,,,,,,,,,,,,
169,r161,r161,r161,r161,r161,r161,r161,r161,r161,r161,r161,r161,r161,r161,r161,r161,r161,r161,r161,r161,r161,r161,r161,r161,r161,r161,r161,r161,r161,r161,r161,r161,r161,r161,r161,r161,r161,r161,r161,r161,r161,r161,r161,r161,r161,r161,r161,r161,r161,r161,r161,r161,r161,r161,r161,r161,r161,r161,r161,r161,r161,r161,r161,r161,r161,r161,r161,r161,r161,r161,r161,r161,r161,r161,,,,,,,,,,,,,,,,,,,,,,,,,,,,,,,,,,,,,,,,,,,,,,,,,,,
170,r165,r165,r165,r165,r165,r165,r165,r165,r165,r165,r165,r165,r165,r165,r165,r165,r165,r165,r165,r165,r165,r165,r165,r165,r165,r165,r165,r165,r165,r165,r165,r165,r165,r165,r165,r165,r165,r165,r165,r165,r165,r165,r165,r165,r165,r165,r165,r165,r165,r165,r165,r165,r165,r165,r165,r165,r165,r165,r165,r165,r165,r165,r165,r165,r165,r165,r165,r165,r165,r165,r165,r165,r165,r165,,,,,,,,,,,,,,,,,,,,,,,,,,,,,,,,,,,,,,,,,,,,,,,,,,,
171,r163,r163,r163,r163,r163,r163,r163,r163,r163,r163,r163,r163,r163,r163,r163,r163,r163,r163,r163,r163,r163,r163,r163,r163,r163,r163,r163,r163,r163,r163,r163,r163,r163,r163,r163,r163,r163,r163,r163,r163,r163,r163,r163,r163,r163,r163,r163,r163,r163,r163,r163,r163,r163,r163,r163,r163,r163,r163,r163,r163,r163,r163,r163,r163,r163,r163,r163,r163,r163,r163,r163,r163,r163,r163,,,,,,,,,,,,,,,,,,,,,,,,,,,,,,,,,,,,,,,,,,,,,,,,,,,
172,r164,r164,r164,r164,r164,r164,r164,r164,r164,r164,r164,r164,r164,r164,r164,r164,r164,r164,r164,r164,r164,r164,r164,r164,r164,r164,r164,r164,r164,r164,r164,r164,r164,r164,r164,r164,r164,r164,r164,r164,r164,r164,r164,r164,r164,r164,r164,r164,r164,r164,r164,r164,r164,r164,r164,r164,r164,r164,r164,r164,r164,r164,r164,r164,r164,r164,r164,r164,r164,r164,r164,r164,r164,r164,,,,,,,,,,,,,,,,,,,,,,,,,,,,,,,,,,,,,,,,,,,,,,,,,,,
173,,,,,,,,,,,,,,,,,,,,,,,,,,,,,,,,,,,,,,,,,,,,,,,,,,,,s177,,,,,,,,,,,,,,,,,,,,,s239,,,,,,,,,,,,,,,,,,,,,,,,,,,,,,,,,,,,,,,,,,,,,,,,,,,,
174,,,,,,,,,,,,,,,,,,,,,,s66,,s54,s55,s137,,,,,,,,,,,,,,,,,,,,,,,,,,,,,,,,,,,,,,,,,,,,,,,,,,,,,,,,,,,,,,,138,58,,,,,,,,,,,,,,,,,,,,,,,,,,,,,,,,,,,
175,r85,r85,r85,r85,r85,r85,r85,r85,r85,r85,r85,r85,r85,r85,r85,r85,r85,r85,r85,r85,r85,r85,r85,r85,r85,r85,r85,r85,r85,r85,r85,r85,r85,r85,r85,r85,r85,r85,r85,r85,r85,r85,r85,r85,r85,r85,r85,r85,r85,r85,r85,r85,r85,r85,r85,r85,r85,r85,r85,r85,r85,r85,r85,r85,r85,r85,r85,r85,r85,r85,r85,r85,r85,r85,,,,,,,,,,,,,,,,,,,,,,,,,,,,,,,,,,,,,,,,,,,,,,,,,,,
176,r87,r87,r87,r87,r87,r87,r87,r87,r87,r87,r87,r87,r87,r87,r87,r87,r87,r87,r87,r87,r87,r87,r87,r87,r87,r87,r87,r87,r87,r87,r87,r87,r87,r87,r87,r87,r87,r87,r87,r87,r87,r87,r87,r87,r87,r87,r87,r87,r87,r87,r87,r87,r87,r87,r87,r87,r87,r87,r87,r87,r87,r87,r87,r87,r87,r87,r87,r87,r87,r87,r87,r87,r87,r87,,,,,,,,,,,,,,,,,,,,,,,,,,,,,,,,,,,,,,,,,,,,,,,,,,,
177,,,,,,,,,,,,,,,,,,,,,,s155,,s95,s98,,,,,,,,,,,,s84,s86,s87,s88,s89,s90,s91,s92,s93,s94,s96,s97,,,,,,,,,,,,,,,,,,,,,,,,,,,,,,,,,,,,,,,,,,,,,,,,,,,,,,,,240,115,116,117,118,119,120,121,122,124,125,126,127,128,,,,,,,,
178,r97,r97,r97,r97,r97,r97,r97,r97,r97,r97,r97,r97,r97,r97,r97,r97,r97,r97,r97,r97,r97,r97,r97,r97,r97,r97,r97,r97,r97,r97,r97,r97,r97,r97,r97,r97,r97,r97,r97,r97,r97,r97,r97,r97,r97,r97,r97,r97,r97,r97,r97,r97,r97,r97,r97,r97,r97,r97,r97,r97,r97,r97,r97,r97,r97,r97,r97,r97,r97,r97,r97,r97,r97,r97,,,,,,,,,,,,,,,,,,,,,,,,,,,,,,,,,,,,,,,,,,,,,,,,,,,
179,,,,,,,,,,,,,,,,,,,,,,s155,,s95,s98,,,,,,,,,,,,s84,s86,s87,s88,s89,s90,s91,s92,s93,s94,s96,s97,,,,,,,,,,,,,,,,,,,,,,,,,,,,,,,,,,,,,,,,,,,,,,,,,,,,,,,,,,,241,118,119,120,121,122,124,125,242,127,128,,,,,,,,
180,,,,,,,,,,,,,,,,,,,,,,s155,,s95,s98,,,,,,,,,,,,s84,s86,s87,s88,s89,s90,s91,s92,s93,s94,s96,s97,,,,,,,,,,,,,,,,,,,,,,,,,,,,,,,,,,,,,,,,,,,,,,,,,,,,,,,243,114,115,116,117,118,119,120,121,122,124,125,126,127,128,,,,,,,,
181,,,,,,,,,,,,,,,,,,,,,,s155,,s95,s98,,,,,,,,,,,,s84,s86,s87,s88,s89,s90,s91,s92,s93,s94,s96,s97,,,,,,,,,,,,,,,,,,,,,,,,,,,,,,,,,,,,,,,,,,,,,,,,,,,,,,,,,,,,244,119,120,121,122,124,125,242,127,128,,,,,,,,
182,,,,,,,,,,,,,,,,,,,,,,s155,,s95,s98,,,,,,,,,,,,s84,s86,s87,s88,s89,s90,s91,s92,s93,s94,s96,s97,,,,,,,,,,,,,,,,,,,,,,,,,,,,,,,,,,,,,,,,,,,,,,,,,,,,,,,,,,,,,245,120,121,122,124,125,242,127,128,,,,,,,,
183,,,,,,,,,,,,,,,,,,,,,,s155,,s95,s98,,,,,,,,,,,,s84,s86,s87,s88,s89,s90,s91,s92,s93,s94,s96,s97,,,,,,,,,,,,,,,,,,,,,,,,,,,,,,,,,,,,,,,,,,,,,,,,,,,,,,,,,,,,,,246,121,122,124,125,242,127,128,,,,,,,,
184,,,,,,,,,,,,,,,,,,,,,,s155,,s95,s98,,,,,,,,,,,,s84,s86,s87,s88,s89,s90,s91,s92,s93,s94,s96,s97,,,,,,,,,,,,,,,,,,,,,,,,,,,,,,,,,,,,,,,,,,,,,,,,,,,,,,,,,,,,,,,247,122,124,125,242,127,128,,,,,,,,
185,,,,,,,,,,,,,,,,,,,,,,s155,,s95,s98,,,,,,,,,,,,s84,s86,s87,s88,s89,s90,s91,s92,s93,s94,s96,s97,,,,,,,,,,,,,,,,,,,,,,,,,,,,,,,,,,,,,,,,,,,,,,,,,,,,,,,,,,,,,,,,248,124,125,242,127,128,,,,,,,,
186,,,,,,,,,,,,,,,,,,,,,,s155,,s95,s98,,,,,,,,,,,,s84,s86,s87,s88,s89,s90,s91,s92,s93,s94,s96,s97,,,,,,,,,,,,,,,,,,,,,,,,,,,,,,,,,,,,,,,,,,,,,,,,,,,,,,,,,,,,,,,,249,124,125,242,127,128,,,,,,,,
187,,,,,,,,,,,,,,,,,,,,,,s155,,s95,s98,,,,,,,,,,,,s84,s86,s87,s88,s89,s90,s91,s92,s93,s94,s96,s97,,,,,,,,,,,,,,,,,,,,,,,,,,,,,,,,,,,,,,,,,,,,,,,,,,,,,,,,,,,,,,,,,124,125,242,127,128,,,,,,,,
188,,,,,,,,,,,,,,,,,,,,,,s155,,s95,s98,,,,,,,,,,,,s84,s86,s87,s88,s89,s90,s91,s92,s93,s94,s96,s97,,,,,,,,,,,,,,,,,,,,,,,,,,,,,,,,,,,,,,,,,,,,,,,,,,,,,,,,,,,,,,,,,124,125,242,127,128,,,,,,,,
189,,,,,,,,,,,,,,,,,,,,,,s155,,s95,s98,,,,,,,,,,,,s84,s86,s87,s88,s89,s90,s91,s92,s93,s94,s96,s97,,,,,,,,,,,,,,,,,,,,,,,,,,,,,,,,,,,,,,,,,,,,,,,,,,,,,,,,,,,,,,,,,124,125,242,127,128,,,,,,,,
190,,,,,,,,,,,,,,,,,,,,,,s155,,s95,s98,,,,,,,,,,,,s84,s86,s87,s88,s89,s90,s91,s92,s93,s94,s96,s97,,,,,,,,,,,,,,,,,,,,,,,,,,,,,,,,,,,,,,,,,,,,,,,,,,,,,,,,,,,,,,,,,124,125,242,127,128,,,,,,,,
191,,,,,,,,,,,,,,,,,,,,,,s155,,s95,s98,,,,,,,,,,,,s84,s86,s87,s88,s89,s90,s91,s92,s93,s94,s96,s97,,,,,,,,,,,,,,,,,,,,,,,,,,,,,,,,,,,,,,,,,,,,,,,,,,,,,,,,,,,,,,,,,254,125,242,127,128,,,,,,,,
192,,,,,,,,,,,,,,,,,,,,,,s155,,s95,s98,,,,,,,,,,,,s84,s86,s87,s88,s89,s90,s91,s92,s93,s94,s96,s97,,,,,,,,,,,,,,,,,,,,,,,,,,,,,,,,,,,,,,,,,,,,,,,,,,,,,,,,,,,,,,,,,255,125,242,127,128,,,,,,,,
193,,,,,,,,,,,,,,,,,,,,,,s155,,s95,s98,,,,,,,,,,,,s84,s86,s87,s88,s89,s90,s91,s92,s93,s94,s96,s97,,,,,,,,,,,,,,,,,,,,,,,,,,,,,,,,,,,,,,,,,,,,,,,,,,,,,,,,,,,,,,,,,,256,242,127,128,,,,,,,,
194,,,,,,,,,,,,,,,,,,,,,,s155,,s95,s98,,,,,,,,,,,,s84,s86,s87,s88,s89,s90,s91,s92,s93,s94,s96,s97,,,,,,,,,,,,,,,,,,,,,,,,,,,,,,,,,,,,,,,,,,,,,,,,,,,,,,,,,,,,,,,,,,257,242,127,128,,,,,,,,
195,,,,,,,,,,,,,,,,,,,,,,s155,,s95,s98,,,,,,,,,,,,s84,s86,s87,s88,s89,s90,s91,s92,s93,s94,s96,s97,,,,,,,,,,,,,,,,,,,,,,,,,,,,,,,,,,,,,,,,,,,,,,,,,,,,,,,,,,,,,,,,,,,258,127,128,,,,,,,,
196,,,,,,,,,,,,,,,,,,,,,,s155,,s95,s98,,,,,,,,,,,,s84,s86,s87,s88,s89,s90,s91,s92,s93,s94,s96,s97,,,,,,,,,,,,,,,,,,,,,,,,,,,,,,,,,,,,,,,,,,,,,,,,,,,,,,,,,,,,,,,,,,,259,127,128,,,,,,,,
197,,,,,,,,,,,,,,,,,,,,,,s155,,s95,s98,,,,,,,,,,,,s84,s86,s87,s88,s89,s90,s91,s92,s93,s94,s96,s97,,,,,,,,,,,,,,,,,,,,,,,,,,,,,,,,,,,,,,,,,,,,,,,,,,,,,,,,,,,,,,,,,,,260,127,128,,,,,,,,
198,,,,,,,,,,,,,,,,,,,,,,s155,,s95,s98,,,,,,,,,,,,s84,s86,s87,s88,s89,s90,s91,s92,s93,s94,s96,s97,,,,,,,,,,,,,,,,,,,,,,,,,,,,,,,,,,,,,,,,,,,,,,,,,,,,,,,,261,115,116,117,118,119,120,121,122,124,125,126,127,128,,,,,,,,
199,,,,,,,,,,,,,,,,,,,,,,s155,,s95,s98,,,,,,,,,,,,s84,s86,s87,s88,s89,s90,s91,s92,s93,s94,s96,s97,,,,,,,,,,,,,,,,,,,,,,,,,,,,,,,,,,,,,,,,,,,,,,,,,,,,,,,,262,115,116,117,118,119,120,121,122,124,125,126,127,128,,,,,,,,
200,,,,,,,,,,,,,,,,,,,,,,s263,,,,,,,,,,,,,,,,,,,,,,,,,,,,,,,,,,,,,,,,,,,,,,,,,,,,,,,,,,,,,,,,,,,,,,,,,,,,,,,,,,,,,,,,,,,,,,,,,,,,,,,
201,r175,r175,r175,r175,r175,r175,r175,r175,r175,r175,r175,r175,r175,r175,r175,r175,r175,r175,r175,r175,r175,r175,r175,r175,r175,r175,r175,r175,r175,r175,r175,r175,r175,r175,r175,r175,r175,r175,r175,r175,r175,r175,r175,r175,r175,r175,r175,r175,r175,r175,r175,r175,r175,r175,r175,r175,r175,r175,r175,r175,r175,r175,r175,r175,r175,r175,r175,r175,r175,r175,r175,r175,r175,r175,,,,,,,,,,,,,,,,,,,,,,,,,,,,,,,,,,,,,,,,,,,,,,,,,,,
202,r176,r176,r176,r176,r176,r176,r176,r176,r176,r176,r176,r176,r176,r176,r176,r176,r176,r176,r176,r176,r176,r176,r176,r176,r176,r176,r176,r176,r176,r176,r176,r176,r176,r176,r176,r176,r176,r176,r176,r176,r176,r176,r176,r176,r176,r176,r176,r176,r176,r176,r176,r176,r176,r176,r176,r176,r176,r176,r176,r176,r176,r176,r176,r176,r176,r176,r176,r176,r176,r176,r176,r176,r176,r176,,,,,,,,,,,,,,,,,,,,,,,,,,,,,,,,,,,,,,,,,,,,,,,,,,,
203,,,,,,,,,,,,,,,,,,,,,,s264,,,,,,,,,,,,,,,,,,,,,,,,,,,,,,,,,,,,,,,,,,,,,,,,,,,,,,,,,,,,,,,,,,,,,,,,,,,,,,,,,,,,,,,,,,,,,,,,,,,,,,,
204,,,,,,,,,,,,,,,,,,,,,,s155,,s95,s98,,,,,,,,,,,,s84,s86,s87,s88,s89,s90,s91,s92,s93,s94,s96,s97,,,,,,,,,,,,,,,,,,,,,,,,,s265,,,,,,,,,,,,,,,,,,,,,,,,,,,,,,,266,115,116,117,118,119,120,121,122,124,125,126,127,128,,,,,267,,,
205,,,,,,,,,,,,,,,,,,,,,,s155,,s95,s98,,,,,,,,,,,,s84,s86,s87,s88,s89,s90,s91,s92,s93,s94,s96,s97,,,,,,,,,,,,,,,,,,,,,,,,,,,,,,,,,,,,,,,,,,,,,,,,,,,,,,,268,114,115,116,117,118,119,120,121,122,124,125,126,127,128,,,,,,,,
206,,,,,,,,,,,,,,,,,,,,,,s155,s206,s95,s98,,,,,,,,,,,,s84,s86,s87,s88,s89,s90,s91,s92,s93,s94,s96,s97,,,,,,,,,,,,,,,,,,,,,,,,,,,,,,,,,,,,,,,,,,,,,,,,,,,,,,,,208,115,116,117,118,119,120,121,122,124,125,126,127,128,269,,,,,270,,
207,r29,r29,r29,r29,r29,r29,r29,r29,r29,r29,r29,r29,r29,r29,r29,r29,r29,r29,r29,r29,r29,r29,r29,r29,r29,r29,r29,r29,r29,r29,r29,r29,r29,r29,r29,r29,r29,r29,r29,r29,r29,r29,r29,r29,r29,r29,r29,r29,r29,r29,r29,r29,r29,r29,r29,r29,r29,r29,r29,r29,r29,r29,r29,r29,r29,r29,r29,r29,r29,r29,r29,r29,r29,r29,,,,,,,,,,,,,,,,,,,,,,,,,,,,,,,,,,,,,,,,,,,,,,,,,,,
208,r33,r33,r33,r33,r33,r33,r33,r33,r33,r33,r33,r33,r33,r33,r33,r33,r33,r33,r33,r33,r33,r33,r33,r33,r33,r33,r33,r33,r33,r33,r33,r33,r33,r33,r33,r33,r33,r33,r33,r33,r33,r33,r33,r33,r33,r33,r33,r33,r33,r33,r33,r33,r33,r33,r33,r33,r33,r33,r33,r33,r33,r33,r33,r33,r33,r33,r33,r33,r33,r33,r33,r33,r33,r33,,,,,,,,,,,,,,,,,,,,,,,,,,,,,,,,,,,,,,,,,,,,,,,,,,,
209,r13,r13,r13,r13,r13,r13,r13,r13,r13,r13,r13,r13,r13,r13,r13,r13,r13,r13,r13,r13,r13,r13,r13,r13,r13,r13,r13,r13,r13,r13,r13,r13,r13,r13,r13,r13,r13,r13,r13,r13,r13,r13,r13,r13,r13,r13,r13,r13,r13,r13,r13,r13,r13,r13,r13,r13,r13,r13,r13,r13,r13,r13,r13,r13,r13,r13,r13,r13,r13,r13,r13,r13,r13,r13,,,,,,,,,,,,,,,,,,,,,,,,,,,,,,,,,,,,,,,,,,,,,,,,,,,
210,r8,r8,r8,r8,r8,r8,r8,r8,r8,r8,r8,r8,r8,r8,r8,r8,r8,r8,r8,r8,r8,r8,r8,r8,r8,r8,r8,r8,r8,r8,r8,r8,r8,r8,r8,r8,r8,r8,r8,r8,r8,r8,r8,r8,r8,r8,r8,r8,r8,r8,r8,r8,r8,r8,r8,r8,r8,r8,r8,r8,r8,r8,r8,r8,r8,r8,r8,r8,r8,r8,r8,r8,r8,r8,,,,,,,,,,,,,,,,,,,,,,,,,,,,,,,,,,,,,,,,,,,,,,,,,,,
211,,,,,,,,,,,,,,,,,,,,,,,,,,,,,,,,,,,,,,,,,,,,,,,,,,,,s272,,,,,,,,,,,,,,,,,,,,,s271,,,,,,,,,,,,,,,,,,,,,,,,,,,,,,,,,,,,,,,,,,,,,,,,,,,,
212,r11,r11,r11,r11,r11,r11,r11,r11,r11,r11,r11,r11,r11,r11,r11,r11,r11,r11,r11,r11,r11,r11,r11,r11,r11,r11,r11,r11,r11,r11,r11,r11,r11,r11,r11,r11,r11,r11,r11,r11,r11,r11,r11,r11,r11,r11,r11,r11,r11,r11,r11,r11,r11,r11,r11,r11,r11,r11,r11,r11,r11,r11,r11,r11,r11,r11,r11,r11,r11,r11,r11,r11,r11,r11,,,,,,,,,,,,,,,,,,,,,,,,,,,,,,,,,,,,,,,,,,,,,,,,,,,
213,r16,r16,r16,r16,r16,r16,r16,r16,r16,r16,r16,r16,r16,r16,r16,r16,r16,r16,r16,r16,r16,s66,r16,s54,s55,r16,r16,r16,r16,r16,r16,r16,r16,r16,r16,r16,r16,r16,r16,r16,r16,r16,r16,r16,r16,r16,r16,r16,r16,r16,r16,r16,r16,r16,r16,r16,r16,r16,r16,r16,r16,r16,r16,r16,r16,r16,r16,r16,r16,r16,r16,r16,r16,r16,,,,,,,,,,,,,,,,273,,,,,,,,,,,,,,,,,,,,,,,,,,,,,,,,,,,
214,,s1,s2,s3,s4,s5,s6,s7,s8,s9,s10,,s12,s13,s14,s15,s16,s17,s18,s19,s20,,,,,,,,,,,,,,,,,,,,,,,,,,,,,,,,,,,,,,,,,,,,,,,,,,,,,,,,,,,,,27,274,60,,31,32,,,,,,,,,,,,,,,,,,,,,,,,,,,,,,,,,,,,,,
215,,,,,,,,,,,,,,,,,,,,,,,,,,,,,,,,,,,,,,,,,,,,,,,,,,,,,,,,,,,,,,,,,,,,,,,,,,s275,,,,,,,,,,,,,,,,,,,,,,,,,,,,,,,,,,,,,,,,,,,,,,,,,,,
216,r28,r28,r28,r28,r28,r28,r28,r28,r28,r28,r28,r28,r28,r28,r28,r28,r28,r28,r28,r28,r28,r28,r28,r28,r28,r28,r28,r28,r28,r28,r28,r28,r28,r28,r28,r28,r28,r28,r28,r28,r28,r28,r28,r28,r28,r28,r28,r28,r28,r28,r28,r28,r28,r28,r28,r28,r28,r28,r28,r28,r28,r28,r28,r28,r28,r28,r28,r28,r28,r28,r28,r28,r28,r28,,,,,,,,,,,,,,,,,,,,,,,,,,,,,,,,,,,,,,,,,,,,,,,,,,,
217,,,,,,,,,,,,,,,,,,,,,,s155,s206,s95,s98,,,,,,,,,,,,s84,s86,s87,s88,s89,s90,s91,s92,s93,s94,s96,s97,,,,,,,,,,,,,,,,,,,,,,,,,,,,,,,,,,,,,,,,,,,,,,,,,,,,,,,,208,115,116,117,118,119,120,121,122,124,125,126,127,128,276,,,,,,,
218,,,,,,,,,,,,,,,,,,,,,,,,,,,,,,,,,,,,,,,,,,,,,,,,,,,,,,,,,,,,,,,,,,,,,,,,,s277,,,,,,,,,,,,,,,,,,,,,,,,,,,,,,,,,,,,,,,,,,,,,,,,,,,,
219,r24,r24,r24,r24,r24,r24,r24,r24,r24,r24,r24,r24,r24,r24,r24,r24,r24,r24,r24,r24,r24,r24,r24,r24,r24,r24,r24,r24,r24,r24,r24,r24,r24,r24,r24,r24,r24,r24,r24,r24,r24,r24,r24,r24,r24,r24,r24,r24,r24,r24,r24,r24,r24,r24,r24,r24,r24,r24,r24,r24,r24,r24,r24,r24,r24,r24,r24,r24,r24,r24,r24,r24,r24,r24,,,,,,,,,,,,,,,,,,,,,,,,,,,,,,,,,,,,,,,,,,,,,,,,,,,
220,,s1,s2,s3,s4,s5,s6,s7,s8,s9,s10,,s12,s13,s14,s15,s16,s17,s18,s19,s20,,,,,,,,,,,,,,,,,,,,,,,,,,,,,,,,,,,,,,,,,,,,,,,,,,,s209,s278,,,,,,,,,27,213,29,214,31,32,,,,,,,,,,,,,,,,,,,,,,,,,,,,,,,,279,212,,,,,
221,r19,r19,r19,r19,r19,r19,r19,r19,r19,r19,r19,r19,r19,r19,r19,r19,r19,r19,r19,r19,r19,r19,r19,r19,r19,r19,r19,r19,r19,r19,r19,r19,r19,r19,r19,r19,r19,r19,r19,r19,r19,r19,r19,r19,r19,r19,r19,r19,r19,r19,r19,r19,r19,r19,r19,r19,r19,r19,r19,r19,r19,r19,r19,r19,r19,r19,r19,r19,r19,r19,r19,r19,r19,r19,,,,,,,,,,,,,,,,,,,,,,,,,,,,,,,,,,,,,,,,,,,,,,,,,,,
222,r68,r68,r68,r68,r68,r68,r68,r68,r68,r68,r68,r68,r68,r68,r68,r68,r68,r68,r68,r68,r68,r68,r68,r68,r68,r68,r68,r68,r68,r68,r68,r68,r68,r68,r68,r68,r68,r68,r68,r68,r68,r68,r68,r68,r68,r68,r68,r68,r68,r68,r68,r68,r68,r68,r68,r68,r68,r68,r68,r68,r68,r68,r68,r68,r68,r68,r68,r68,r68,r68,r68,r68,r68,r68,,,,,,,,,,,,,,,,,,,,,,,,,,,,,,,,,,,,,,,,,,,,,,,,,,,
223,r76,r76,r76,r76,r76,r76,r76,r76,r76,r76,r76,r76,r76,r76,r76,r76,r76,r76,r76,r76,r76,r76,r76,r76,r76,r76,r76,r76,r76,r76,r76,r76,r76,r76,r76,r76,r76,r76,r76,r76,r76,r76,r76,r76,r76,r76,r76,r76,r76,r76,r76,r76,r76,r76,r76,r76,r76,r76,r76,r76,r76,r76,r76,r76,r76,r76,r76,r76,r76,r76,r76,r76,r76,r76,,,,,,,,,,,,,,,,,,,,,,,,,,,,,,,,,,,,,,,,,,,,,,,,,,,
224,r77,r77,r77,r77,r77,r77,r77,r77,r77,r77,r77,r77,r77,r77,r77,r77,r77,r77,r77,r77,r77,r77,r77,r77,r77,r77,r77,r77,r77,r77,r77,r77,r77,r77,r77,r77,r77,r77,r77,r77,r77,r77,r77,r77,r77,r77,r77,r77,r77,r77,r77,r77,r77,r77,r77,r77,r77,r77,r77,r77,r77,r77,r77,r77,r77,r77,r77,r77,r77,r77,r77,r77,r77,r77,,,,,,,,,,,,,,,,,,,,,,,,,,,,,,,,,,,,,,,,,,,,,,,,,,,
225,r83,r83,r83,r83,r83,r83,r83,r83,r83,r83,r83,r83,r83,r83,r83,r83,r83,r83,r83,r83,r83,r83,r83,r83,r83,r83,r83,r83,r83,r83,r83,r83,r83,r83,r83,r83,r83,r83,r83,r83,r83,r83,r83,r83,r83,r83,r83,r83,r83,r83,r83,r83,r83,r83,r83,r83,r83,r83,r83,r83,r83,r83,r83,r83,r83,r83,r83,r83,r83,r83,r83,r83,r83,r83,,,,,,,,,,,,,,,,,,,,,,,,,,,,,,,,,,,,,,,,,,,,,,,,,,,
226,r81,r81,r81,r81,r81,r81,r81,r81,r81,r81,r81,r81,r81,r81,r81,r81,r81,r81,r81,r81,r81,r81,r81,r81,r81,r81,r81,r81,r81,r81,r81,r81,r81,r81,r81,r81,r81,r81,r81,r81,r81,r81,r81,r81,r81,r81,r81,r81,r81,r81,r81,r81,r81,r81,r81,r81,r81,r81,r81,r81,r81,r81,r81,r81,r81,r81,r81,r81,r81,r81,r81,r81,r81,r81,,,,,,,,,,,,,,,,,,,,,,,,,,,,,,,,,,,,,,,,,,,,,,,,,,,
227,r71,r71,r71,r71,r71,r71,r71,r71,r71,r71,r71,r71,r71,r71,r71,r71,r71,r71,r71,r71,r71,r71,r71,r71,r71,r71,r71,r71,r71,r71,r71,r71,r71,r71,r71,r71,r71,r71,r71,r71,r71,r71,r71,r71,r71,r71,r71,r71,r71,r71,r71,r71,r71,r71,r71,r71,r71,r71,r71,r71,r71,r71,r71,r71,r71,r71,r71,r71,r71,r71,r71,r71,r71,r71,,,,,,,,,,,,,,,,,,,,,,,,,,,,,,,,,,,,,,,,,,,,,,,,,,,
228,,,,,,,,,,,,,,,,,,,,,,,,,,,,,,,,,,,,,,,,,,,,,,,,,,,,s177,,,,,,,,,,,,,,,,,,,,,s280,,,,,,,,,,,,,,,,,,,,,,,,,,,,,,,,,,,,,,,,,,,,,,,,,,,,
229,,,,,,,,,,,,,,,,,,,,,,s155,,s95,s98,s99,,,,,,,,,,,s84,s86,s87,s88,s89,s90,s91,s92,s93,s94,s96,s97,,,,,,,,,,,,,,,,,,,,,,,,,,,,,,,,,,,,,,,,,,,,,,,,,,281,,,,,113,114,115,116,117,118,119,120,121,122,124,125,126,127,128,,,,,,,,
230,,,,,,,,,,,,,,,,,,,,,,s155,,s95,s98,s99,,,,,,,,,,,s84,s86,s87,s88,s89,s90,s91,s92,s93,s94,s96,s97,,,,,,,,,,,,,,,,,,,,,,,,,,,,,,,,,,,,,,,,,,,,,,,,,,282,,,,,113,114,115,116,117,118,119,120,121,122,124,125,126,127,128,,,,,,,,
231,,,,,,,,,,,,,,,,,,,,,,,,,,,,,,,,,,,,,,,,,,,,,,,,,,,,s177,,,,,,,,,,,,,,,,,,,,,s283,,,,,,,,,,,,,,,,,,,,,,,,,,,,,,,,,,,,,,,,,,,,,,,,,,,,
232,,,,,,,,,,,,,,,,,,,,,,,,,s284,,,,,,,,,,,,,,,,,,,,,,,,,,,,,,,,,,,,,,,,,,,,,,,,,,,,,,,,,,,,,,,,,,,,,,,,,,,,,,,,,,,,,,,,,,,,,,,,,,,,
233,,,,,,,,,,,,,,,,,,,,,,,,,,,,,,,,,,,,,,,,,,,,,,,,,,,,s177,,,,,,,,,,,,,,,,,,,,,s285,,,,,,,,,,,,,,,,,,,,,,,,,,,,,,,,,,,,,,,,,,,,,,,,,,,,
234,r108,r108,r108,r108,r108,r108,r108,r108,r108,r108,r108,r108,r108,r108,r108,r108,r108,r108,r108,r108,r108,r108,r108,r108,r108,r108,r108,r108,r108,r108,r108,r108,r108,r108,r108,r108,r108,r108,r108,r108,r108,r108,r108,r108,r108,r108,r108,r108,r108,r108,r108,r108,r108,r108,r108,r108,r108,r108,r108,r108,r108,r108,r108,r108,r108,r108,r108,r108,r108,r108,r108,r108,r108,r108,,,,,,,,,,,,,,,,,,,,,,,,,,,,,,,,,,,,,,,,,,,,,,,286,,,,
235,r111,r111,r111,r111,r111,r111,r111,r111,r111,r111,r111,r111,r111,r111,r111,r111,r111,r111,r111,r111,r111,s155,s50,s95,s98,s99,s74,s75,s76,s77,s78,r111,r111,s81,s82,s83,s84,s86,s87,s88,s89,s90,s91,s92,s93,s94,s96,s97,r111,r111,r111,r111,r111,r111,r111,r111,r111,r111,r111,r111,r111,r111,r111,r111,r111,r111,r111,r111,r111,r111,r111,r111,r111,r111,,,,,,,,,,,,,,287,,,,,,,,,,288,289,,291,292,113,114,115,116,117,118,119,120,121,122,124,125,126,127,128,,,,,,,290,
236,r120,r120,r120,r120,r120,r120,r120,r120,r120,r120,r120,r120,r120,r120,r120,r120,r120,r120,r120,r120,r120,r120,r120,r120,r120,r120,r120,r120,r120,r120,r120,r120,r120,r120,r120,r120,r120,r120,r120,r120,r120,r120,r120,r120,r120,r120,r120,r120,r120,r120,r120,r120,r120,r120,r120,r120,r120,r120,r120,r120,r120,r120,r120,r120,r120,r120,r120,r120,r120,r120,r120,r120,r120,r120,,,,,,,,,,,,,,,,,,,,,,,,,,,,,,,,,,,,,,,,,,,,,,,,,,,
237,,,,,,,,,,,,,,,,,,,,,,,,,,,,,,,,,,,,,,,,,,,,,,,,,,,,,,,,,,,,,,,,,,,,,,,,,s293,,,,,,,,,,,,,,,,,,,,,,,,,,,,,,,,,,,,,,,,,,,,,,,,,,,,
238,r112,r112,r112,r112,r112,r112,r112,r112,r112,r112,r112,r112,r112,r112,r112,r112,r112,r112,r112,r112,r112,r112,r112,r112,r112,r112,r112,r112,r112,r112,r112,r112,r112,r112,r112,r112,r112,r112,r112,r112,r112,r112,r112,r112,r112,r112,r112,r112,r112,r112,r112,r112,r112,r112,r112,r112,r112,r112,r112,r112,r112,r112,r112,r112,r112,r112,r112,r112,r112,r112,r112,r112,r112,r112,,,,,,,,,,,,,,,,,,,,,,,,,,,,,,,,,,,,,,,,,,,,,,,,,,,
239,r182,r182,r182,r182,r182,r182,r182,r182,r182,r182,r182,r182,r182,r182,r182,r182,r182,r182,r182,r182,r182,r182,r182,r182,r182,r182,r182,r182,r182,r182,r182,r182,r182,r182,r182,r182,r182,r182,r182,r182,r182,r182,r182,r182,r182,r182,r182,r182,r182,r182,r182,r182,r182,r182,r182,r182,r182,r182,r182,r182,r182,r182,r182,r182,r182,r182,r182,r182,r182,r182,r182,r182,r182,r182,,,,,,,,,,,,,,,,,,,,,,,,,,,,,,,,,,,,,,,,,,,,,,,,,,,
240,r124,r124,r124,r124,r124,r124,r124,r124,r124,r124,r124,r124,r124,r124,r124,r124,r124,r124,r124,r124,r124,r124,r124,r124,r124,r124,r124,r124,r124,r124,r124,r124,r124,r124,r124,r124,r124,r124,r124,r124,r124,r124,r124,r124,r124,r124,r124,r124,r124,r124,r124,r124,r124,r124,r124,r124,r124,r124,r124,r124,r124,r124,r124,r124,r124,r124,r124,r124,r124,r124,r124,r124,r124,r124,,,,,,,,,,,,,,,,,,,,,,,,,,,,,,,,,,,,,,,,,,,,,,,,,,,
241,r131,r131,r131,r131,r131,r131,r131,r131,r131,r131,r131,r131,r131,r131,r131,r131,r131,r131,r131,r131,r131,r131,r131,r131,r131,r131,r131,r131,r131,r131,r131,r131,r131,r131,r131,r131,r131,r131,r131,r131,r131,r131,r131,r131,r131,r131,r131,r131,r131,r131,r131,r131,r131,r131,r131,s181,r131,r131,r131,r131,r131,r131,r131,r131,r131,r131,r131,r131,r131,r131,r131,r131,r131,r131,,,,,,,,,,,,,,,,,,,,,,,,,,,,,,,,,,,,,,,,,,,,,,,,,,,
242,r154,r154,r154,r154,r154,r154,r154,r154,r154,r154,r154,r154,r154,r154,r154,r154,r154,r154,r154,r154,r154,r154,r154,r154,r154,r154,r154,r154,r154,r154,r154,r154,r154,r154,r154,r154,r154,r154,r154,r154,r154,r154,r154,r154,r154,r154,r154,r154,r154,r154,r154,r154,r154,r154,r154,r154,r154,r154,r154,r154,r154,r154,r154,r154,r154,r154,r154,r154,r154,r154,r154,r154,r154,r154,,,,,,,,,,,,,,,,,,,,,,,,,,,,,,,,,,,,,,,,,,,,,,,,,,,
243,,,,,,,,,,,,,,,,,,,,,,,,,,,,,,,,,,,,,,,,,,,,,,,,,,,,s177,s294,,,,,,,,,,,,,,,,,,,,,,,,,,,,,,,,,,,,,,,,,,,,,,,,,,,,,,,,,,,,,,,,,,,,,,,,
244,r133,r133,r133,r133,r133,r133,r133,r133,r133,r133,r133,r133,r133,r133,r133,r133,r133,r133,r133,r133,r133,r133,r133,r133,r133,r133,r133,r133,r133,r133,r133,r133,r133,r133,r133,r133,r133,r133,r133,r133,r133,r133,r133,r133,r133,r133,r133,r133,r133,r133,r133,r133,r133,r133,r133,r133,s182,r133,r133,r133,r133,r133,r133,r133,r133,r133,r133,r133,r133,r133,r133,r133,r133,r133,,,,,,,,,,,,,,,,,,,,,,,,,,,,,,,,,,,,,,,,,,,,,,,,,,,
245,r135,r135,r135,r135,r135,r135,r135,r135,r135,r135,r135,r135,r135,r135,r135,r135,r135,r135,r135,r135,r135,r135,r135,r135,r135,r135,r135,r135,r135,r135,r135,r135,r135,r135,r135,r135,r135,r135,r135,r135,r135,r135,r135,r135,r135,r135,r135,r135,r135,r135,r135,r135,r135,r135,r135,r135,r135,s183,r135,r135,r135,r135,r135,r135,r135,r135,r135,r135,r135,r135,r135,r135,r135,r135,,,,,,,,,,,,,,,,,,,,,,,,,,,,,,,,,,,,,,,,,,,,,,,,,,,
246,r137,r137,r137,r137,r137,r137,r137,r137,r137,r137,r137,r137,r137,r137,r137,r137,r137,r137,r137,r137,r137,r137,r137,r137,r137,r137,r137,r137,r137,r137,r137,r137,r137,r137,r137,r137,r137,r137,r137,r137,r137,r137,r137,s184,r137,r137,r137,r137,r137,r137,r137,r137,r137,r137,r137,r137,r137,r137,r137,r137,r137,r137,r137,r137,r137,r137,r137,r137,r137,r137,r137,r137,r137,r137,,,,,,,,,,,,,,,,,,,,,,,,,,,,,,,,,,,,,,,,,,,,,,,,,,,
247,r139,r139,r139,r139,r139,r139,r139,r139,r139,r139,r139,r139,r139,r139,r139,r139,r139,r139,r139,r139,r139,r139,r139,r139,r139,r139,r139,r139,r139,r139,r139,r139,r139,r139,r139,r139,r139,r139,r139,r139,r139,r139,r139,r139,r139,r139,r139,r139,r139,r139,r139,r139,r139,r139,r139,r139,r139,r139,s185,s186,r139,r139,r139,r139,r139,r139,r139,r139,r139,r139,r139,r139,r139,r139,,,,,,,,,,,,,,,,,,,,,,,,,,,,,,,,,,,,,,,,,,,,,,,,,,,
248,r141,r141,r141,r141,r141,r141,r141,r141,r141,r141,r141,r141,r141,r141,r141,r141,r141,r141,r141,r141,r141,r141,r141,r141,r141,r141,r141,r141,r141,r141,r141,r141,r141,r141,r141,r141,r141,r141,r141,r141,r141,r141,r141,r141,r141,r141,r141,r141,r141,r141,r141,r141,r141,r141,r141,r141,r141,r141,r141,r141,s187,s188,s189,s190,r141,r141,r141,r141,r141,r141,r141,r141,r141,r141,,,,,,,,,,,,,,,,,,,,,,,,,,,,,,,,,,,,,,,,,,,,,,,,,,,
249,r142,r142,r142,r142,r142,r142,r142,r142,r142,r142,r142,r142,r142,r142,r142,r142,r142,r142,r142,r142,r142,r142,r142,r142,r142,r142,r142,r142,r142,r142,r142,r142,r142,r142,r142,r142,r142,r142,r142,r142,r142,r142,r142,r142,r142,r142,r142,r142,r142,r142,r142,r142,r142,r142,r142,r142,r142,r142,r142,r142,s187,s188,s189,s190,r142,r142,r142,r142,r142,r142,r142,r142,r142,r142,,,,,,,,,,,,,,,,,,,,,,,,,,,,,,,,,,,,,,,,,,,,,,,,,,,
250,r146,r146,r146,r146,r146,r146,r146,r146,r146,r146,r146,r146,r146,r146,r146,r146,r146,r146,r146,r146,r146,r146,r146,r146,r146,r146,r146,r146,r146,r146,r146,r146,r146,r146,r146,r146,r146,r146,r146,r146,r146,r146,r146,r146,r146,r146,r146,r146,r146,r146,r146,r146,r146,r146,r146,r146,r146,r146,r146,r146,r146,r146,r146,r146,s191,s192,r146,r146,r146,r146,r146,r146,r146,r146,,,,,,,,,,,,,,,,,,,,,,,,,,,,,,,,,,,,,,,,,,,,,,,,,,,
251,r147,r147,r147,r147,r147,r147,r147,r147,r147,r147,r147,r147,r147,r147,r147,r147,r147,r147,r147,r147,r147,r147,r147,r147,r147,r147,r147,r147,r147,r147,r147,r147,r147,r147,r147,r147,r147,r147,r147,r147,r147,r147,r147,r147,r147,r147,r147,r147,r147,r147,r147,r147,r147,r147,r147,r147,r147,r147,r147,r147,r147,r147,r147,r147,s191,s192,r147,r147,r147,r147,r147,r147,r147,r147,,,,,,,,,,,,,,,,,,,,,,,,,,,,,,,,,,,,,,,,,,,,,,,,,,,
252,r144,r144,r144,r144,r144,r144,r144,r144,r144,r144,r144,r144,r144,r144,r144,r144,r144,r144,r144,r144,r144,r144,r144,r144,r144,r144,r144,r144,r144,r144,r144,r144,r144,r144,r144,r144,r144,r144,r144,r144,r144,r144,r144,r144,r144,r144,r144,r144,r144,r144,r144,r144,r144,r144,r144,r144,r144,r144,r144,r144,r144,r144,r144,r144,s191,s192,r144,r144,r144,r144,r144,r144,r144,r144,,,,,,,,,,,,,,,,,,,,,,,,,,,,,,,,,,,,,,,,,,,,,,,,,,,
253,r145,r145,r145,r145,r145,r145,r145,r145,r145,r145,r145,r145,r145,r145,r145,r145,r145,r145,r145,r145,r145,r145,r145,r145,r145,r145,r145,r145,r145,r145,r145,r145,r145,r145,r145,r145,r145,r145,r145,r145,r145,r145,r145,r145,r145,r145,r145,r145,r145,r145,r145,r145,r145,r145,r145,r145,r145,r145,r145,r145,r145,r145,r145,r145,s191,s192,r145,r145,r145,r145,r145,r145,r145,r145,,,,,,,,,,,,,,,,,,,,,,,,,,,,,,,,,,,,,,,,,,,,,,,,,,,
254,r149,r149,r149,r149,r149,r149,r149,r149,r149,r149,r149,r149,r149,r149,r149,r149,r149,r149,r149,r149,r149,r149,r149,r149,r149,r149,r149,r149,r149,r149,r149,r149,r149,r149,r149,r149,r149,r149,r149,r149,r149,r149,r149,r149,s193,s194,r149,r149,r149,r149,r149,r149,r149,r149,r149,r149,r149,r149,r149,r149,r149,r149,r149,r149,r149,r149,r149,r149,r149,r149,r149,r149,r149,r149,,,,,,,,,,,,,,,,,,,,,,,,,,,,,,,,,,,,,,,,,,,,,,,,,,,
255,r150,r150,r150,r150,r150,r150,r150,r150,r150,r150,r150,r150,r150,r150,r150,r150,r150,r150,r150,r150,r150,r150,r150,r150,r150,r150,r150,r150,r150,r150,r150,r150,r150,r150,r150,r150,r150,r150,r150,r150,r150,r150,r150,r150,s193,s194,r150,r150,r150,r150,r150,r150,r150,r150,r150,r150,r150,r150,r150,r150,r150,r150,r150,r150,r150,r150,r150,r150,r150,r150,r150,r150,r150,r150,,,,,,,,,,,,,,,,,,,,,,,,,,,,,,,,,,,,,,,,,,,,,,,,,,,
256,r152,r152,r152,r152,r152,r152,r152,r152,r152,r152,r152,r152,r152,r152,r152,r152,r152,r152,r152,r152,r152,r152,r152,s195,r152,r152,r152,r152,r152,r152,r152,r152,r152,r152,r152,r152,r152,r152,r152,r152,r152,r152,r152,r152,r152,r152,r152,r152,r152,r152,r152,r152,r152,r152,r152,r152,r152,r152,r152,r152,r152,r152,r152,r152,r152,r152,s196,s197,r152,r152,r152,r152,r152,r152,,,,,,,,,,,,,,,,,,,,,,,,,,,,,,,,,,,,,,,,,,,,,,,,,,,
257,r153,r153,r153,r153,r153,r153,r153,r153,r153,r153,r153,r153,r153,r153,r153,r153,r153,r153,r153,r153,r153,r153,r153,s195,r153,r153,r153,r153,r153,r153,r153,r153,r153,r153,r153,r153,r153,r153,r153,r153,r153,r153,r153,r153,r153,r153,r153,r153,r153,r153,r153,r153,r153,r153,r153,r153,r153,r153,r153,r153,r153,r153,r153,r153,r153,r153,s196,s197,r153,r153,r153,r153,r153,r153,,,,,,,,,,,,,,,,,,,,,,,,,,,,,,,,,,,,,,,,,,,,,,,,,,,
258,r155,r155,r155,r155,r155,r155,r155,r155,r155,r155,r155,r155,r155,r155,r155,r155,r155,r155,r155,r155,r155,r155,r155,r155,r155,r155,r155,r155,r155,r155,r155,r155,r155,r155,r155,r155,r155,r155,r155,r155,r155,r155,r155,r155,r155,r155,r155,r155,r155,r155,r155,r155,r155,r155,r155,r155,r155,r155,r155,r155,r155,r155,r155,r155,r155,r155,r155,r155,r155,r155,r155,r155,r155,r155,,,,,,,,,,,,,,,,,,,,,,,,,,,,,,,,,,,,,,,,,,,,,,,,,,,
259,r156,r156,r156,r156,r156,r156,r156,r156,r156,r156,r156,r156,r156,r156,r156,r156,r156,r156,r156,r156,r156,r156,r156,r156,r156,r156,r156,r156,r156,r156,r156,r156,r156,r156,r156,r156,r156,r156,r156,r156,r156,r156,r156,r156,r156,r156,r156,r156,r156,r156,r156,r156,r156,r156,r156,r156,r156,r156,r156,r156,r156,r156,r156,r156,r156,r156,r156,r156,r156,r156,r156,r156,r156,r156,,,,,,,,,,,,,,,,,,,,,,,,,,,,,,,,,,,,,,,,,,,,,,,,,,,
260,r157,r157,r157,r157,r157,r157,r157,r157,r157,r157,r157,r157,r157,r157,r157,r157,r157,r157,r157,r157,r157,r157,r157,r157,r157,r157,r157,r157,r157,r157,r157,r157,r157,r157,r157,r157,r157,r157,r157,r157,r157,r157,r157,r157,r157,r157,r157,r157,r157,r157,r157,r157,r157,r157,r157,r157,r157,r157,r157,r157,r157,r157,r157,r157,r157,r157,r157,r157,r157,r157,r157,r157,r157,r157,,,,,,,,,,,,,,,,,,,,,,,,,,,,,,,,,,,,,,,,,,,,,,,,,,,
261,r127,r127,r127,r127,r127,r127,r127,r127,r127,r127,r127,r127,r127,r127,r127,r127,r127,r127,r127,r127,r127,r127,r127,r127,r127,r127,r127,r127,r127,r127,r127,r127,r127,r127,r127,r127,r127,r127,r127,r127,r127,r127,r127,r127,r127,r127,r127,r127,r127,r127,r127,r127,r127,r127,r127,r127,r127,r127,r127,r127,r127,r127,r127,r127,r127,r127,r127,r127,r127,r127,r127,r127,r127,r127,,,,,,,,,,,,,,,,,,,,,,,,,,,,,,,,,,,,,,,,,,,,,,,,,,,
262,r126,r126,r126,r126,r126,r126,r126,r126,r126,r126,r126,r126,r126,r126,r126,r126,r126,r126,r126,r126,r126,r126,r126,r126,r126,r126,r126,r126,r126,r126,r126,r126,r126,r126,r126,r126,r126,r126,r126,r126,r126,r126,r126,r126,r126,r126,r126,r126,r126,r126,r126,r126,r126,r126,r126,r126,r126,r126,r126,r126,r126,r126,r126,r126,r126,r126,r126,r126,r126,r126,r126,r126,r126,r126,,,,,,,,,,,,,,,,,,,,,,,,,,,,,,,,,,,,,,,,,,,,,,,,,,,
263,r174,r174,r174,r174,r174,r174,r174,r174,r174,r174,r174,r174,r174,r174,r174,r174,r174,r174,r174,r174,r174,r174,r174,r174,r174,r174,r174,r174,r174,r174,r174,r174,r174,r174,r174,r174,r174,r174,r174,r174,r174,r174,r174,r174,r174,r174,r174,r174,r174,r174,r174,r174,r174,r174,r174,r174,r174,r174,r174,r174,r174,r174,r174,r174,r174,r174,r174,r174,r174,r174,r174,r174,r174,r174,,,,,,,,,,,,,,,,,,,,,,,,,,,,,,,,,,,,,,,,,,,,,,,,,,,
264,r173,r173,r173,r173,r173,r173,r173,r173,r173,r173,r173,r173,r173,r173,r173,r173,r173,r173,r173,r173,r173,r173,r173,r173,r173,r173,r173,r173,r173,r173,r173,r173,r173,r173,r173,r173,r173,r173,r173,r173,r173,r173,r173,r173,r173,r173,r173,r173,r173,r173,r173,r173,r173,r173,r173,r173,r173,r173,r173,r173,r173,r173,r173,r173,r173,r173,r173,r173,r173,r173,r173,r173,r173,r173,,,,,,,,,,,,,,,,,,,,,,,,,,,,,,,,,,,,,,,,,,,,,,,,,,,
265,r171,r171,r171,r171,r171,r171,r171,r171,r171,r171,r171,r171,r171,r171,r171,r171,r171,r171,r171,r171,r171,r171,r171,r171,r171,r171,r171,r171,r171,r171,r171,r171,r171,r171,r171,r171,r171,r171,r171,r171,r171,r171,r171,r171,r171,r171,r171,r171,r171,r171,r171,r171,r171,r171,r171,r171,r171,r171,r171,r171,r171,r171,r171,r171,r171,r171,r171,r171,r171,r171,r171,r171,r171,r171,,,,,,,,,,,,,,,,,,,,,,,,,,,,,,,,,,,,,,,,,,,,,,,,,,,
266,r183,r183,r183,r183,r183,r183,r183,r183,r183,r183,r183,r183,r183,r183,r183,r183,r183,r183,r183,r183,r183,r183,r183,r183,r183,r183,r183,r183,r183,r183,r183,r183,r183,r183,r183,r183,r183,r183,r183,r183,r183,r183,r183,r183,r183,r183,r183,r183,r183,r183,r183,r183,r183,r183,r183,r183,r183,r183,r183,r183,r183,r183,r183,r183,r183,r183,r183,r183,r183,r183,r183,r183,r183,r183,,,,,,,,,,,,,,,,,,,,,,,,,,,,,,,,,,,,,,,,,,,,,,,,,,,
267,,,,,,,,,,,,,,,,,,,,,,,,,,,,,,,,,,,,,,,,,,,,,,,,,,,,s296,,,,,,,,,,,,,,,,,,,,,s295,,,,,,,,,,,,,,,,,,,,,,,,,,,,,,,,,,,,,,,,,,,,,,,,,,,,
268,,,,,,,,,,,,,,,,,,,,,,,,,,,,,,,,,,,,,,,,,,,,,,,,,,,,s177,,,,,,,,,,,,,,,,,,,,,,s297,,,,,,,,,,,,,,,,,,,,,,,,,,,,,,,,,,,,,,,,,,,,,,,,,,,
269,r36,r36,r36,r36,r36,r36,r36,r36,r36,r36,r36,r36,r36,r36,r36,r36,r36,r36,r36,r36,r36,r36,r36,r36,r36,r36,r36,r36,r36,r36,r36,r36,r36,r36,r36,r36,r36,r36,r36,r36,r36,r36,r36,r36,r36,r36,r36,r36,r36,r36,r36,r36,r36,r36,r36,r36,r36,r36,r36,r36,r36,r36,r36,r36,r36,r36,r36,r36,r36,r36,r36,r36,r36,r36,,,,,,,,,,,,,,,,,,,,,,,,,,,,,,,,,,,,,,,,,,,,,,,,,,,
270,,,,,,,,,,,,,,,,,,,,,,,,,,,,,,,,,,,,,,,,,,,,,,,,,s299,,,s298,,,,,,,,,,,,,,,,,,,,,,,,,,,,,,,,,,,,,,,,,,,,,,,,,,,,,,,,,,,,,,,,,,,,,,,,,
271,r7,r7,r7,r7,r7,r7,r7,r7,r7,r7,r7,r7,r7,r7,r7,r7,r7,r7,r7,r7,r7,r7,r7,r7,r7,r7,r7,r7,r7,r7,r7,r7,r7,r7,r7,r7,r7,r7,r7,r7,r7,r7,r7,r7,r7,r7,r7,r7,r7,r7,r7,r7,r7,r7,r7,r7,r7,r7,r7,r7,r7,r7,r7,r7,r7,r7,r7,r7,r7,r7,r7,r7,r7,r7,,,,,,,,,,,,,,,,,,,,,,,,,,,,,,,,,,,,,,,,,,,,,,,,,,,
272,,s1,s2,s3,s4,s5,s6,s7,s8,s9,s10,,s12,s13,s14,s15,s16,s17,s18,s19,s20,,,,,,,,,,,,,,,,,,,,,,,,,,,,,,,,,,,,,,,,,,,,,,,,,,,s300,,,,,,,,,,27,213,29,214,31,32,,,,,,,,,,,,,,,,,,,,,,,,,,,,,,,,,301,,,,,
273,r15,r15,r15,r15,r15,r15,r15,r15,r15,r15,r15,r15,r15,r15,r15,r15,r15,r15,r15,r15,r15,r15,r15,r15,r15,r15,r15,r15,r15,r15,r15,r15,r15,r15,r15,r15,r15,r15,r15,r15,r15,r15,r15,r15,r15,r15,r15,r15,r15,r15,r15,r15,r15,r15,r15,r15,r15,r15,r15,r15,r15,r15,r15,r15,r15,r15,r15,r15,r15,r15,r15,r15,r15,r15,,,,,,,,,,,,,,,,,,,,,,,,,,,,,,,,,,,,,,,,,,,,,,,,,,,
274,,,,,,,,,,,,,,,,,,,,,,s66,,s54,s55,,,,,,,,,,,,,,,,,,,,,,,,,,,,,,,,,,,,,,,,,,,,,,,,,,,,,,,,,,,,,,,,,302,,,,,,,,,,,,,,,,,,,,,,,,,,,,,,,,,,,
275,r27,r27,r27,r27,r27,r27,r27,r27,r27,r27,r27,r27,r27,r27,r27,r27,r27,r27,r27,r27,r27,r27,r27,r27,r27,r27,r27,r27,r27,r27,r27,r27,r27,r27,r27,r27,r27,r27,r27,r27,r27,r27,r27,r27,r27,r27,r27,r27,r27,r27,r27,r27,r27,r27,r27,r27,r27,r27,r27,r27,r27,r27,r27,r27,r27,r27,r27,r27,r27,r27,r27,r27,r27,r27,,,,,,,,,,,,,,,,,,,,,,,,,,,,,,,,,,,,,,,,,,,,,,,,,,,
276,r30,r30,r30,r30,r30,r30,r30,r30,r30,r30,r30,r30,r30,r30,r30,r30,r30,r30,r30,r30,r30,r30,r30,r30,r30,r30,r30,r30,r30,r30,r30,r30,r30,r30,r30,r30,r30,r30,r30,r30,r30,r30,r30,r30,r30,r30,r30,r30,r30,r30,r30,r30,r30,r30,r30,r30,r30,r30,r30,r30,r30,r30,r30,r30,r30,r30,r30,r30,r30,r30,r30,r30,r30,r30,,,,,,,,,,,,,,,,,,,,,,,,,,,,,,,,,,,,,,,,,,,,,,,,,,,
277,,,,,,,,,,,,,,,,,,,,,,,,,s303,,,,,,,,,,,,,,,,,,,,,,,,,,,,,,,,,,,,,,,,,,,,,,,,,,,,,,,,,,,,,,,,,,,,,,,,,,,,,,,,,,,,,,,,,,,,,,,,,,,,
278,r10,r10,r10,r10,r10,r10,r10,r10,r10,r10,r10,r10,r10,r10,r10,r10,r10,r10,r10,r10,r10,r10,r10,r10,r10,r10,r10,r10,r10,r10,r10,r10,r10,r10,r10,r10,r10,r10,r10,r10,r10,r10,r10,r10,r10,r10,r10,r10,r10,r10,r10,r10,r10,r10,r10,r10,r10,r10,r10,r10,r10,r10,r10,r10,r10,r10,r10,r10,r10,r10,r10,r10,r10,r10,,,,,,,,,,,,,,,,,,,,,,,,,,,,,,,,,,,,,,,,,,,,,,,,,,,
279,,,,,,,,,,,,,,,,,,,,,,,,,,,,,,,,,,,,,,,,,,,,,,,,,,,,s272,,,,,,,,,,,,,,,,,,,,,s304,,,,,,,,,,,,,,,,,,,,,,,,,,,,,,,,,,,,,,,,,,,,,,,,,,,,
280,,,,,,,,,,,,,,,,,,,,,,s85,s50,s95,s98,s99,s74,s75,s76,s77,s78,s79,s80,s81,s82,s83,s84,s86,s87,s88,s89,s90,s91,s92,s93,s94,s96,s97,,,,,,,,,,,,,,,,,,,,,,,,,,,,,,,,,,,,,,,,104,,,,,,,,,305,108,109,110,111,112,113,114,115,116,117,118,119,120,121,122,124,125,126,127,128,,,,,,,,
281,,,,,,,,,,,,,,,,,,,,,,s155,,s95,s98,,,,,,,,,,,,s84,s86,s87,s88,s89,s90,s91,s92,s93,s94,s96,s97,,,,,,,,,,,,,,,,,,,,,,,,,s306,,,,,,,,,,,,,,,,,,,,,,,,,,,,,,307,114,115,116,117,118,119,120,121,122,124,125,126,127,128,,,,,,,,
282,,,,,,,,,,,,,,,,,,,,,,s155,,s95,s98,,,,,,,,,,,,s84,s86,s87,s88,s89,s90,s91,s92,s93,s94,s96,s97,,,,,,,,,,,,,,,,,,,,,,,,,s308,,,,,,,,,,,,,,,,,,,,,,,,,,,,,,309,114,115,116,117,118,119,120,121,122,124,125,126,127,128,,,,,,,,
283,,,,,,,,,,,,,,,,,,,,,,s85,s50,s95,s98,s99,s74,s75,s76,s77,s78,s79,s80,s81,s82,s83,s84,s86,s87,s88,s89,s90,s91,s92,s93,s94,s96,s97,,,,,,,,,,,,,,,,,,,,,,,,,,,,,,,,,,,,,,,,104,,,,,,,,,310,108,109,110,111,112,113,114,115,116,117,118,119,120,121,122,124,125,126,127,128,,,,,,,,
284,,,,,,,,,,,,,,,,,,,,,,s155,,s95,s98,,,,,,,,,,,,s84,s86,s87,s88,s89,s90,s91,s92,s93,s94,s96,s97,,,,,,,,,,,,,,,,,,,,,,,,,,,,,,,,,,,,,,,,,,,,,,,,,,,,,,,311,114,115,116,117,118,119,120,121,122,124,125,126,127,128,,,,,,,,
285,,,,,,,,,,,,,,,,,,,,,,,s312,,,,,,,,,,,,,,,,,,,,,,,,,,,,,,,,,,,,,,,,,,,,,,,,,,,,,,,,,,,,,,,,,,,,,,,,,,,,,,,,,,,,,,,,,,,,,,,,,,,,,,
286,acc,r110,r110,r110,r110,r110,r110,r110,r110,r110,r110,r110,r110,r110,r110,r110,r110,r110,r110,r110,r110,s155,s50,s95,s98,s99,s74,s75,s76,s77,s78,r110,r110,s81,s82,s83,s84,s86,s87,s88,s89,s90,s91,s92,s93,s94,s96,s97,r110,r110,r110,r110,r110,r110,r110,r110,r110,r110,r110,r110,r110,r110,r110,r110,r110,r110,r110,r110,r110,r110,r110,r110,r110,r110,,,,,,,,,,,,,,287,,,,,,,,,,288,289,,291,292,113,114,115,116,117,118,119,120,121,122,124,125,126,127,128,,,,,,,290,
287,r101,r101,r101,r101,r101,r101,r101,r101,r101,r101,r101,r101,r101,r101,r101,r101,r101,r101,r101,r101,r101,r101,r101,r101,r101,r101,r101,r101,r101,r101,r101,r101,r101,r101,r101,r101,r101,r101,r101,r101,r101,r101,r101,r101,r101,r101,r101,r101,r101,r101,r101,r101,r101,r101,r101,r101,r101,r101,r101,r101,r101,r101,r101,r101,r101,r101,r101,r101,r101,r101,r101,r101,r101,r101,,,,,,,,,,,,,,,,,,,,,,,,,,,,,,,,,,,,,,,,,,,,,,,,,,,
288,r102,r102,r102,r102,r102,r102,r102,r102,r102,r102,r102,r102,r102,r102,r102,r102,r102,r102,r102,r102,r102,r102,r102,r102,r102,r102,r102,r102,r102,r102,r102,r102,r102,r102,r102,r102,r102,r102,r102,r102,r102,r102,r102,r102,r102,r102,r102,r102,r102,r102,r102,r102,r102,r102,r102,r102,r102,r102,r102,r102,r102,r102,r102,r102,r102,r102,r102,r102,r102,r102,r102,r102,r102,r102,,,,,,,,,,,,,,,,,,,,,,,,,,,,,,,,,,,,,,,,,,,,,,,,,,,
289,r103,r103,r103,r103,r103,r103,r103,r103,r103,r103,r103,r103,r103,r103,r103,r103,r103,r103,r103,r103,r103,r103,r103,r103,r103,r103,r103,r103,r103,r103,r103,r103,r103,r103,r103,r103,r103,r103,r103,r103,r103,r103,r103,r103,r103,r103,r103,r103,r103,r103,r103,r103,r103,r103,r103,r103,r103,r103,r103,r103,r103,r103,r103,r103,r103,r103,r103,r103,r103,r103,r103,r103,r103,r103,,,,,,,,,,,,,,,,,,,,,,,,,,,,,,,,,,,,,,,,,,,,,,,,,,,
290,r109,r109,r109,r109,r109,r109,r109,r109,r109,r109,r109,r109,r109,r109,r109,r109,r109,r109,r109,r109,r109,r109,r109,r109,r109,r109,r109,r109,r109,r109,r109,r109,r109,r109,r109,r109,r109,r109,r109,r109,r109,r109,r109,r109,r109,r109,r109,r109,r109,r109,r109,r109,r109,r109,r109,r109,r109,r109,r109,r109,r109,r109,r109,r109,r109,r109,r109,r109,r109,r109,r109,r109,r109,r109,,,,,,,,,,,,,,,,,,,,,,,,,,,,,,,,,,,,,,,,,,,,,,,,,,,
291,r104,r104,r104,r104,r104,r104,r104,r104,r104,r104,r104,r104,r104,r104,r104,r104,r104,r104,r104,r104,r104,r104,r104,r104,r104,r104,r104,r104,r104,r104,r104,r104,r104,r104,r104,r104,r104,r104,r104,r104,r104,r104,r104,r104,r104,r104,r104,r104,r104,r104,r104,r104,r104,r104,r104,r104,r104,r104,r104,r104,r104,r104,r104,r104,r104,r104,r104,r104,r104,r104,r104,r104,r104,r104,,,,,,,,,,,,,,,,,,,,,,,,,,,,,,,,,,,,,,,,,,,,,,,,,,,
292,r105,r105,r105,r105,r105,r105,r105,r105,r105,r105,r105,r105,r105,r105,r105,r105,r105,r105,r105,r105,r105,r105,r105,r105,r105,r105,r105,r105,r105,r105,r105,r105,r105,r105,r105,r105,r105,r105,r105,r105,r105,r105,r105,r105,r105,r105,r105,r105,r105,r105,r105,r105,r105,r105,r105,r105,r105,r105,r105,r105,r105,r105,r105,r105,r105,r105,r105,r105,r105,r105,r105,r105,r105,r105,,,,,,,,,,,,,,,,,,,,,,,,,,,,,,,,,,,,,,,,,,,,,,,,,,,
293,r168,r168,r168,r168,r168,r168,r168,r168,r168,r168,r168,r168,r168,r168,r168,r168,r168,r168,r168,r168,r168,r168,r168,r168,r168,r168,r168,r168,r168,r168,r168,r168,r168,r168,r168,r168,r168,r168,r168,r168,r168,r168,r168,r168,r168,r168,r168,r168,r168,r168,r168,r168,r168,r168,r168,r168,r168,r168,r168,r168,r168,r168,r168,r168,r168,r168,r168,r168,r168,r168,r168,r168,r168,r168,,,,,,,,,,,,,,,,,,,,,,,,,,,,,,,,,,,,,,,,,,,,,,,,,,,
294,,,,,,,,,,,,,,,,,,,,,,s155,,s95,s98,,,,,,,,,,,,s84,s86,s87,s88,s89,s90,s91,s92,s93,s94,s96,s97,,,,,,,,,,,,,,,,,,,,,,,,,,,,,,,,,,,,,,,,,,,,,,,,,,,,,,,,,313,116,117,118,119,120,121,122,124,125,242,127,128,,,,,,,,
295,r172,r172,r172,r172,r172,r172,r172,r172,r172,r172,r172,r172,r172,r172,r172,r172,r172,r172,r172,r172,r172,r172,r172,r172,r172,r172,r172,r172,r172,r172,r172,r172,r172,r172,r172,r172,r172,r172,r172,r172,r172,r172,r172,r172,r172,r172,r172,r172,r172,r172,r172,r172,r172,r172,r172,r172,r172,r172,r172,r172,r172,r172,r172,r172,r172,r172,r172,r172,r172,r172,r172,r172,r172,r172,,,,,,,,,,,,,,,,,,,,,,,,,,,,,,,,,,,,,,,,,,,,,,,,,,,
296,,,,,,,,,,,,,,,,,,,,,,s155,,s95,s98,,,,,,,,,,,,s84,s86,s87,s88,s89,s90,s91,s92,s93,s94,s96,s97,,,,,,,,,,,,,,,,,,,,,,,,,,,,,,,,,,,,,,,,,,,,,,,,,,,,,,,,314,115,116,117,118,119,120,121,122,124,125,126,127,128,,,,,,,,
297,r170,r170,r170,r170,r170,r170,r170,r170,r170,r170,r170,r170,r170,r170,r170,r170,r170,r170,r170,r170,r170,r170,r170,r170,r170,r170,r170,r170,r170,r170,r170,r170,r170,r170,r170,r170,r170,r170,r170,r170,r170,r170,r170,r170,r170,r170,r170,r170,r170,r170,r170,r170,r170,r170,r170,r170,r170,r170,r170,r170,r170,r170,r170,r170,r170,r170,r170,r170,r170,r170,r170,r170,r170,r170,,,,,,,,,,,,,,,,,,,,,,,,,,,,,,,,,,,,,,,,,,,,,,,,,,,
298,,,,,,,,,,,,,,,,,,,,,,s155,s206,s95,s98,,,,,,,,,,,,s84,s86,s87,s88,s89,s90,s91,s92,s93,s94,s96,s97,s315,,,,,,,,,,,,,,,,,,,,,,,,,,,,,,,,,,,,,,,,,,,,,,,,,,,,,,,208,115,116,117,118,119,120,121,122,124,125,126,127,128,316,,,,,,,
299,r34,r34,r34,r34,r34,r34,r34,r34,r34,r34,r34,r34,r34,r34,r34,r34,r34,r34,r34,r34,r34,r34,r34,r34,r34,r34,r34,r34,r34,r34,r34,r34,r34,r34,r34,r34,r34,r34,r34,r34,r34,r34,r34,r34,r34,r34,r34,r34,r34,r34,r34,r34,r34,r34,r34,r34,r34,r34,r34,r34,r34,r34,r34,r34,r34,r34,r34,r34,r34,r34,r34,r34,r34,r34,,,,,,,,,,,,,,,,,,,,,,,,,,,,,,,,,,,,,,,,,,,,,,,,,,,
300,r14,r14,r14,r14,r14,r14,r14,r14,r14,r14,r14,r14,r14,r14,r14,r14,r14,r14,r14,r14,r14,r14,r14,r14,r14,r14,r14,r14,r14,r14,r14,r14,r14,r14,r14,r14,r14,r14,r14,r14,r14,r14,r14,r14,r14,r14,r14,r14,r14,r14,r14,r14,r14,r14,r14,r14,r14,r14,r14,r14,r14,r14,r14,r14,r14,r14,r14,r14,r14,r14,r14,r14,r14,r14,,,,,,,,,,,,,,,,,,,,,,,,,,,,,,,,,,,,,,,,,,,,,,,,,,,
301,r12,r12,r12,r12,r12,r12,r12,r12,r12,r12,r12,r12,r12,r12,r12,r12,r12,r12,r12,r12,r12,r12,r12,r12,r12,r12,r12,r12,r12,r12,r12,r12,r12,r12,r12,r12,r12,r12,r12,r12,r12,r12,r12,r12,r12,r12,r12,r12,r12,r12,r12,r12,r12,r12,r12,r12,r12,r12,r12,r12,r12,r12,r12,r12,r12,r12,r12,r12,r12,r12,r12,r12,r12,r12,,,,,,,,,,,,,,,,,,,,,,,,,,,,,,,,,,,,,,,,,,,,,,,,,,,
302,r17,r17,r17,r17,r17,r17,r17,r17,r17,r17,r17,r17,r17,r17,r17,r17,r17,r17,r17,r17,r17,r17,r17,r17,r17,r17,r17,r17,r17,r17,r17,r17,r17,r17,r17,r17,r17,r17,r17,r17,r17,r17,r17,r17,r17,r17,r17,r17,r17,r17,r17,r17,r17,r17,r17,r17,r17,r17,r17,r17,r17,r17,r17,r17,r17,r17,r17,r17,r17,r17,r17,r17,r17,r17,,,,,,,,,,,,,,,,,,,,,,,,,,,,,,,,,,,,,,,,,,,,,,,,,,,
303,,s1,s2,s3,s4,s5,s6,s7,s8,s9,s10,,s12,s13,s14,s15,s16,s17,s18,s19,s20,,,,,,,,,,,,,,,,,,,,,,,,,,,,,,,,,,,,,,,,,,,,,,,,,,,s209,s317,,,,,,,,,27,213,29,214,31,32,,,,,,,,,,,,,,,,,,,,,,,,,,,,,,,,318,212,,,,,
304,r9,r9,r9,r9,r9,r9,r9,r9,r9,r9,r9,r9,r9,r9,r9,r9,r9,r9,r9,r9,r9,r9,r9,r9,r9,r9,r9,r9,r9,r9,r9,r9,r9,r9,r9,r9,r9,r9,r9,r9,r9,r9,r9,r9,r9,r9,r9,r9,r9,r9,r9,r9,r9,r9,r9,r9,r9,r9,r9,r9,r9,r9,r9,r9,r9,r9,r9,r9,r9,r9,r9,r9,r9,r9,,,,,,,,,,,,,,,,,,,,,,,,,,,,,,,,,,,,,,,,,,,,,,,,,,,
305,r98,r98,r98,r98,r98,r98,r98,r98,r98,r98,r98,r98,r98,r98,r98,r98,r98,r98,r98,r98,r98,r98,r98,r98,r98,r98,r98,r98,r98,r98,r98,r98,r98,r98,r98,r98,r98,r98,r98,r98,r98,r98,r98,r98,r98,r98,r98,r98,r98,r98,r98,r98,r98,r98,r98,r98,r98,r98,r98,r98,r98,r98,r98,r98,r98,r98,r98,r98,r98,r98,r98,r98,r98,r98,s319,,,,,,,,,,,,,,,,,,,,,,,,,,,,,,,,,,,,,,,,,,,,,,,,,,
306,,,,,,,,,,,,,,,,,,,,,,s85,s50,s95,s98,s99,s74,s75,s76,s77,s78,s79,s80,s81,s82,s83,s84,s86,s87,s88,s89,s90,s91,s92,s93,s94,s96,s97,,,,,,,,,,,,,,,,,,,,,,,,,,,,,,,,,,,,,,,,104,,,,,,,,,320,108,109,110,111,112,113,114,115,116,117,118,119,120,121,122,124,125,126,127,128,,,,,,,,
307,,,,,,,,,,,,,,,,,,,,,,,,,,,,,,,,,,,,,,,,,,,,,,,,,,,,s177,,,,,,,,,,,,,,,,,,,,,s321,,,,,,,,,,,,,,,,,,,,,,,,,,,,,,,,,,,,,,,,,,,,,,,,,,,,
308,,,,,,,,,,,,,,,,,,,,,,s85,s50,s95,s98,s99,s74,s75,s76,s77,s78,s79,s80,s81,s82,s83,s84,s86,s87,s88,s89,s90,s91,s92,s93,s94,s96,s97,,,,,,,,,,,,,,,,,,,,,,,,,,,,,,,,,,,,,,,,104,,,,,,,,,322,108,109,110,111,112,113,114,115,116,117,118,119,120,121,122,124,125,126,127,128,,,,,,,,
309,,,,,,,,,,,,,,,,,,,,,,,,,,,,,,,,,,,,,,,,,,,,,,,,,,,,s177,,,,,,,,,,,,,,,,,,,,,s323,,,,,,,,,,,,,,,,,,,,,,,,,,,,,,,,,,,,,,,,,,,,,,,,,,,,
310,r113,r113,r113,r113,r113,r113,r113,r113,r113,r113,r113,r113,r113,r113,r113,r113,r113,r113,r113,r113,r113,r113,r113,r113,r113,r113,r113,r113,r113,r113,r113,r113,r113,r113,r113,r113,r113,r113,r113,r113,r113,r113,r113,r113,r113,r113,r113,r113,r113,r113,r113,r113,r113,r113,r113,r113,r113,r113,r113,r113,r113,r113,r113,r113,r113,r113,r113,r113,r113,r113,r113,r113,r113,r113,r113,,,,,,,,,,,,,,,,,,,,,,,,,,,,,,,,,,,,,,,,,,,,,,,,,,
311,,,,,,,,,,,,,,,,,,,,,,,,,,,,,,,,,,,,,,,,,,,,,,,,,,,,s177,,,,,,,,,,,,,,,,,,,,,s324,,,,,,,,,,,,,,,,,,,,,,,,,,,,,,,,,,,,,,,,,,,,,,,,,,,,
312,r106,r106,r106,r106,r106,r106,r106,r106,r106,r106,r106,r106,r106,r106,r106,r106,r106,r106,r106,r106,r106,r106,r106,r106,r106,r106,r106,r106,r106,r106,r106,r106,r106,r106,r106,r106,r106,r106,r106,r106,r106,r106,r106,r106,r106,r106,r106,r106,r106,r106,r106,r106,r106,r106,r106,r106,r106,r106,r106,r106,r106,r106,r106,r106,r106,r106,r106,r106,r106,r106,r106,r106,r106,r106,r106,,,,,,,,,,,,,,,,,,,,,,,,,,,,,,,,,,,,,,,,,,,,,,,,,,325
313,r129,r129,r129,r129,r129,r129,r129,r129,r129,r129,r129,r129,r129,r129,r129,r129,r129,r129,r129,r129,r129,r129,r129,r129,r129,r129,r129,r129,r129,r129,r129,r129,r129,r129,r129,r129,r129,r129,r129,r129,r129,r129,r129,r129,r129,r129,r129,r129,r129,r129,r129,r129,r129,r129,r129,r129,r129,r129,r129,r129,r129,r129,r129,r129,r129,r129,r129,r129,r129,r129,r129,r129,r129,r129,r129,,,,,,,,,,,,,,,,,,,,,,,,,,,,,,,,,,,,,,,,,,,,,,,,,,
314,r184,r184,r184,r184,r184,r184,r184,r184,r184,r184,r184,r184,r184,r184,r184,r184,r184,r184,r184,r184,r184,r184,r184,r184,r184,r184,r184,r184,r184,r184,r184,r184,r184,r184,r184,r184,r184,r184,r184,r184,r184,r184,r184,r184,r184,r184,r184,r184,r184,r184,r184,r184,r184,r184,r184,r184,r184,r184,r184,r184,r184,r184,r184,r184,r184,r184,r184,r184,r184,r184,r184,r184,r184,r184,r184,,,,,,,,,,,,,,,,,,,,,,,,,,,,,,,,,,,,,,,,,,,,,,,,,,
315,r35,r35,r35,r35,r35,r35,r35,r35,r35,r35,r35,r35,r35,r35,r35,r35,r35,r35,r35,r35,r35,r35,r35,r35,r35,r35,r35,r35,r35,r35,r35,r35,r35,r35,r35,r35,r35,r35,r35,r35,r35,r35,r35,r35,r35,r35,r35,r35,r35,r35,r35,r35,r35,r35,r35,r35,r35,r35,r35,r35,r35,r35,r35,r35,r35,r35,r35,r35,r35,r35,r35,r35,r35,r35,r35,,,,,,,,,,,,,,,,,,,,,,,,,,,,,,,,,,,,,,,,,,,,,,,,,,
316,r37,r37,r37,r37,r37,r37,r37,r37,r37,r37,r37,r37,r37,r37,r37,r37,r37,r37,r37,r37,r37,r37,r37,r37,r37,r37,r37,r37,r37,r37,r37,r37,r37,r37,r37,r37,r37,r37,r37,r37,r37,r37,r37,r37,r37,r37,r37,r37,r37,r37,r37,r37,r37,r37,r37,r37,r37,r37,r37,r37,r37,r37,r37,r37,r37,r37,r37,r37,r37,r37,r37,r37,r37,r37,r37,,,,,,,,,,,,,,,,,,,,,,,,,,,,,,,,,,,,,,,,,,,,,,,,,,
317,r32,r32,r32,r32,r32,r32,r32,r32,r32,r32,r32,r32,r32,r32,r32,r32,r32,r32,r32,r32,r32,r32,r32,r32,r32,r32,r32,r32,r32,r32,r32,r32,r32,r32,r32,r32,r32,r32,r32,r32,r32,r32,r32,r32,r32,r32,r32,r32,r32,r32,r32,r32,r32,r32,r32,r32,r32,r32,r32,r32,r32,r32,r32,r32,r32,r32,r32,r32,r32,r32,r32,r32,r32,r32,r32,,,,,,,,,,,,,,,,,,,,,,,,,,,,,,,,,,,,,,,,,,,,,,,,,,
318,,,,,,,,,,,,,,,,,,,,,,,,,,,,,,,,,,,,,,,,,,,,,,,,,,,,s272,,,,,,,,,,,,,,,,,,,,,s326,,,,,,,,,,,,,,,,,,,,,,,,,,,,,,,,,,,,,,,,,,,,,,,,,,,,
319,,,,,,,,,,,,,,,,,,,,,,s85,s50,s95,s98,s99,s74,s75,s76,s77,s78,s79,s80,s81,s82,s83,s84,s86,s87,s88,s89,s90,s91,s92,s93,s94,s96,s97,,,,,,,,,,,,,,,,,,,,,,,,,,,,,,,,,,,,,,,,104,,,,,,,,,327,108,109,110,111,112,113,114,115,116,117,118,119,120,121,122,124,125,126,127,128,,,,,,,,
320,r117,r117,r117,r117,r117,r117,r117,r117,r117,r117,r117,r117,r117,r117,r117,r117,r117,r117,r117,r117,r117,r117,r117,r117,r117,r117,r117,r117,r117,r117,r117,r117,r117,r117,r117,r117,r117,r117,r117,r117,r117,r117,r117,r117,r117,r117,r117,r117,r117,r117,r117,r117,r117,r117,r117,r117,r117,r117,r117,r117,r117,r117,r117,r117,r117,r117,r117,r117,r117,r117,r117,r117,r117,r117,r117,,,,,,,,,,,,,,,,,,,,,,,,,,,,,,,,,,,,,,,,,,,,,,,,,,
321,,,,,,,,,,,,,,,,,,,,,,s85,s50,s95,s98,s99,s74,s75,s76,s77,s78,s79,s80,s81,s82,s83,s84,s86,s87,s88,s89,s90,s91,s92,s93,s94,s96,s97,,,,,,,,,,,,,,,,,,,,,,,,,,,,,,,,,,,,,,,,104,,,,,,,,,328,108,109,110,111,112,113,114,115,116,117,118,119,120,121,122,124,125,126,127,128,,,,,,,,
322,r115,r115,r115,r115,r115,r115,r115,r115,r115,r115,r115,r115,r115,r115,r115,r115,r115,r115,r115,r115,r115,r115,r115,r115,r115,r115,r115,r115,r115,r115,r115,r115,r115,r115,r115,r115,r115,r115,r115,r115,r115,r115,r115,r115,r115,r115,r115,r115,r115,r115,r115,r115,r115,r115,r115,r115,r115,r115,r115,r115,r115,r115,r115,r115,r115,r115,r115,r115,r115,r115,r115,r115,r115,r115,r115,,,,,,,,,,,,,,,,,,,,,,,,,,,,,,,,,,,,,,,,,,,,,,,,,,
323,,,,,,,,,,,,,,,,,,,,,,s85,s50,s95,s98,s99,s74,s75,s76,s77,s78,s79,s80,s81,s82,s83,s84,s86,s87,s88,s89,s90,s91,s92,s93,s94,s96,s97,,,,,,,,,,,,,,,,,,,,,,,,,,,,,,,,,,,,,,,,104,,,,,,,,,329,108,109,110,111,112,113,114,115,116,117,118,119,120,121,122,124,125,126,127,128,,,,,,,,
324,,,,,,,,,,,,,,,,,,,,,,,,,,s330,,,,,,,,,,,,,,,,,,,,,,,,,,,,,,,,,,,,,,,,,,,,,,,,,,,,,,,,,,,,,,,,,,,,,,,,,,,,,,,,,,,,,,,,,,,,,,,,,,,
325,,,,,,,,,,,,,,,,,,,,,,s331,,,,,,,,,,s79,s80,,,,,,,,,,,,,,,,s332,,,,,,,,,,,,,,,,,,,,,,,,,,,,,,,,,,,,,,,,,,,,,,,,,,,333,,,,,,,,,,,,,,,,,,,,,,,,,
326,r31,r31,r31,r31,r31,r31,r31,r31,r31,r31,r31,r31,r31,r31,r31,r31,r31,r31,r31,r31,r31,r31,r31,r31,r31,r31,r31,r31,r31,r31,r31,r31,r31,r31,r31,r31,r31,r31,r31,r31,r31,r31,r31,r31,r31,r31,r31,r31,r31,r31,r31,r31,r31,r31,r31,r31,r31,r31,r31,r31,r31,r31,r31,r31,r31,r31,r31,r31,r31,r31,r31,r31,r31,r31,r31,,,,,,,,,,,,,,,,,,,,,,,,,,,,,,,,,,,,,,,,,,,,,,,,,,
327,r99,r99,r99,r99,r99,r99,r99,r99,r99,r99,r99,r99,r99,r99,r99,r99,r99,r99,r99,r99,r99,r99,r99,r99,r99,r99,r99,r99,r99,r99,r99,r99,r99,r99,r99,r99,r99,r99,r99,r99,r99,r99,r99,r99,r99,r99,r99,r99,r99,r99,r99,r99,r99,r99,r99,r99,r99,r99,r99,r99,r99,r99,r99,r99,r99,r99,r99,r99,r99,r99,r99,r99,r99,r99,r99,,,,,,,,,,,,,,,,,,,,,,,,,,,,,,,,,,,,,,,,,,,,,,,,,,
328,r118,r118,r118,r118,r118,r118,r118,r118,r118,r118,r118,r118,r118,r118,r118,r118,r118,r118,r118,r118,r118,r118,r118,r118,r118,r118,r118,r118,r118,r118,r118,r118,r118,r118,r118,r118,r118,r118,r118,r118,r118,r118,r118,r118,r118,r118,r118,r118,r118,r118,r118,r118,r118,r118,r118,r118,r118,r118,r118,r118,r118,r118,r118,r118,r118,r118,r118,r118,r118,r118,r118,r118,r118,r118,r118,,,,,,,,,,,,,,,,,,,,,,,,,,,,,,,,,,,,,,,,,,,,,,,,,,
329,r116,r116,r116,r116,r116,r116,r116,r116,r116,r116,r116,r116,r116,r116,r116,r116,r116,r116,r116,r116,r116,r116,r116,r116,r116,r116,r116,r116,r116,r116,r116,r116,r116,r116,r116,r116,r116,r116,r116,r116,r116,r116,r116,r116,r116,r116,r116,r116,r116,r116,r116,r116,r116,r116,r116,r116,r116,r116,r116,r116,r116,r116,r116,r116,r116,r116,r116,r116,r116,r116,r116,r116,r116,r116,r116,,,,,,,,,,,,,,,,,,,,,,,,,,,,,,,,,,,,,,,,,,,,,,,,,,
330,r114,r114,r114,r114,r114,r114,r114,r114,r114,r114,r114,r114,r114,r114,r114,r114,r114,r114,r114,r114,r114,r114,r114,r114,r114,r114,r114,r114,r114,r114,r114,r114,r114,r114,r114,r114,r114,r114,r114,r114,r114,r114,r114,r114,r114,r114,r114,r114,r114,r114,r114,r114,r114,r114,r114,r114,r114,r114,r114,r114,r114,r114,r114,r114,r114,r114,r114,r114,r114,r114,r114,r114,r114,r114,r114,,,,,,,,,,,,,,,,,,,,,,,,,,,,,,,,,,,,,,,,,,,,,,,,,,
331,,,,,,,,,,,,,,,,,,,,,,,,,,,,,,,,,,,,,,,,,,,,,,,,,,,,,s164,,,,,,,,,,,,,,,,,,,,,,,,,,,,,,,,,,,,,,,,,,,,,,,,,,,,,,,,,,,,,,,,,,,,,,,,
332,r100,r100,r100,r100,r100,r100,r100,r100,r100,r100,r100,r100,r100,r100,r100,r100,r100,r100,r100,r100,r100,r100,r100,r100,r100,r100,r100,r100,r100,r100,r100,r100,r100,r100,r100,r100,r100,r100,r100,r100,r100,r100,r100,r100,r100,r100,r100,r100,r100,r100,r100,r100,r100,r100,r100,r100,r100,r100,r100,r100,r100,r100,r100,r100,r100,r100,r100,r100,r100,r100,r100,r100,r100,r100,r100,,,,,,,,,,,,,,,,,,,,,,,,,,,,,,,,,,,,,,,,,,,,,,,,,,
333,r107,r107,r107,r107,r107,r107,r107,r107,r107,r107,r107,r107,r107,r107,r107,r107,r107,r107,r107,r107,r107,r107,r107,r107,r107,r107,r107,r107,r107,r107,r107,r107,r107,r107,r107,r107,r107,r107,r107,r107,r107,r107,r107,r107,r107,r107,r107,r107,r107,r107,r107,r107,r107,r107,r107,r107,r107,r107,r107,r107,r107,r107,r107,r107,r107,r107,r107,r107,r107,r107,r107,r107,r107,r107,r107,,,,,,,,,,,,,,,,,,,,,,,,,,,,,,,,,,,,,,,,,,,,,,,,,,
